benchmark,index,parent_aig,child_aig,mapper_mode,phase,cut_ordinal,reason,viable,selected_update,node,level,refs,gate,leaves,u_phase_best,fanout_limit,arrival,required,slack,area_flow,best_gate,best_arrival,best_area_flow,child_leaf_index,child_requested_phase,child_inverted_pin,leaf0_aig_id,leaf0_phase,leaf1_aig_id,leaf1_phase,leaf2_aig_id,leaf2_phase,leaf3_aig_id,leaf3_phase,leaf4_aig_id,leaf4_phase,leaf5_aig_id,leaf5_phase
benchmarks/i10.aig,1,861,855,0,0,0,accepted-best,1,1,615,20,2,NAND2xp33_ASAP7_75t_L,2,2,5,85.730,34028234663852885981170418348451692544.000,34028234663852885981170418348451692544.000,2.625,?,34028234663852885981170418348451692544.000,34028234663852885981170418348451692544.000,-1,-1,-1,799,1,856,0,-1,-1,-1,-1,-1,-1,-1,-1
benchmarks/i10.aig,2,861,855,0,0,1,no-supers,0,0,615,20,2,?,3,0,-1,34028234663852885981170418348451692544.000,34028234663852885981170418348451692544.000,0.000,34028234663852885981170418348451692544.000,NAND2xp33_ASAP7_75t_L,85.730,2.625,-1,-1,-1,746,-1,749,-1,856,-1,-1,-1,-1,-1,-1,-1
benchmarks/i10.aig,3,861,855,0,0,2,no-super-best,0,0,615,20,2,?,3,0,-1,34028234663852885981170418348451692544.000,34028234663852885981170418348451692544.000,0.000,34028234663852885981170418348451692544.000,NAND2xp33_ASAP7_75t_L,85.730,2.625,2,-1,-1,799,-1,850,-1,855,-1,-1,-1,-1,-1,-1,-1
benchmarks/i10.aig,4,861,855,0,0,3,accepted-best,1,1,615,20,2,NAND3xp33_ASAP7_75t_L,3,7,2,85.650,34028234663852885981170418348451692544.000,34028234663852885981170418348451692544.000,20.949,NAND2xp33_ASAP7_75t_L,85.730,2.625,-1,-1,-1,797,0,798,0,856,0,-1,-1,-1,-1,-1,-1
benchmarks/i10.aig,5,861,855,0,0,4,accepted-best,1,1,615,20,2,OAI21xp33_ASAP7_75t_L,3,4,2,84.950,34028234663852885981170418348451692544.000,34028234663852885981170418348451692544.000,19.800,NAND3xp33_ASAP7_75t_L,85.650,20.949,-1,-1,-1,751,1,795,1,856,0,-1,-1,-1,-1,-1,-1
benchmarks/i10.aig,6,861,855,0,0,5,no-supers,0,0,615,20,2,?,4,0,-1,34028234663852885981170418348451692544.000,34028234663852885981170418348451692544.000,0.000,34028234663852885981170418348451692544.000,OAI21xp33_ASAP7_75t_L,84.950,19.800,-1,-1,-1,737,-1,736,-1,746,-1,856,-1,-1,-1,-1,-1
benchmarks/i10.aig,7,861,855,0,0,6,no-supers,0,0,615,20,2,?,4,0,-1,34028234663852885981170418348451692544.000,34028234663852885981170418348451692544.000,0.000,34028234663852885981170418348451692544.000,OAI21xp33_ASAP7_75t_L,84.950,19.800,-1,-1,-1,734,-1,735,-1,746,-1,856,-1,-1,-1,-1,-1
benchmarks/i10.aig,8,861,855,0,0,7,accepted-best,1,1,615,20,2,OAI211xp5_ASAP7_75t_L,4,3,1,82.580,34028234663852885981170418348451692544.000,34028234663852885981170418348451692544.000,72.231,OAI21xp33_ASAP7_75t_L,84.950,19.800,3,1,0,797,0,798,0,850,1,855,1,-1,-1,-1,-1
benchmarks/i10.aig,9,861,855,0,0,8,no-super-best,0,0,615,20,2,?,4,0,-1,34028234663852885981170418348451692544.000,34028234663852885981170418348451692544.000,0.000,34028234663852885981170418348451692544.000,OAI211xp5_ASAP7_75t_L,82.580,72.231,3,-1,-1,2,-1,627,-1,799,-1,855,-1,-1,-1,-1,-1
benchmarks/i10.aig,10,861,855,0,0,9,no-supers,0,0,615,20,2,?,4,0,-1,34028234663852885981170418348451692544.000,34028234663852885981170418348451692544.000,0.000,34028234663852885981170418348451692544.000,OAI211xp5_ASAP7_75t_L,82.580,72.231,-1,-1,-1,739,-1,745,-1,749,-1,856,-1,-1,-1,-1,-1
benchmarks/i10.aig,11,861,855,0,0,10,no-super-best,0,0,615,20,2,?,4,0,-1,34028234663852885981170418348451692544.000,34028234663852885981170418348451692544.000,0.000,34028234663852885981170418348451692544.000,OAI211xp5_ASAP7_75t_L,82.580,72.231,-1,-1,-1,799,-1,850,-1,809,-1,854,-1,-1,-1,-1,-1
benchmarks/i10.aig,12,861,855,0,0,11,no-supers,0,0,615,20,2,?,4,0,-1,34028234663852885981170418348451692544.000,34028234663852885981170418348451692544.000,0.000,34028234663852885981170418348451692544.000,OAI211xp5_ASAP7_75t_L,82.580,72.231,3,-1,-1,746,-1,749,-1,850,-1,855,-1,-1,-1,-1,-1
benchmarks/i10.aig,13,861,855,0,0,12,accepted-best,1,1,615,20,2,OAI22xp33_ASAP7_75t_L,4,0,1,81.550,34028234663852885981170418348451692544.000,34028234663852885981170418348451692544.000,71.082,OAI211xp5_ASAP7_75t_L,82.580,72.231,3,1,0,751,1,795,1,850,1,855,1,-1,-1,-1,-1
benchmarks/i10.aig,14,861,855,0,0,13,no-super-best,0,0,615,20,2,?,4,0,-1,34028234663852885981170418348451692544.000,34028234663852885981170418348451692544.000,0.000,34028234663852885981170418348451692544.000,OAI22xp33_ASAP7_75t_L,81.550,71.082,-1,-1,-1,736,-1,746,-1,795,-1,856,-1,-1,-1,-1,-1
benchmarks/i10.aig,15,861,855,0,0,14,no-supers,0,0,615,20,2,?,5,0,-1,34028234663852885981170418348451692544.000,34028234663852885981170418348451692544.000,0.000,34028234663852885981170418348451692544.000,OAI22xp33_ASAP7_75t_L,81.550,71.082,-1,-1,-1,624,-1,629,-1,799,-1,850,-1,854,-1,-1,-1
benchmarks/i10.aig,16,861,855,0,0,15,no-supers,0,0,615,20,2,?,5,0,-1,34028234663852885981170418348451692544.000,34028234663852885981170418348451692544.000,0.000,34028234663852885981170418348451692544.000,OAI22xp33_ASAP7_75t_L,81.550,71.082,4,-1,-1,737,-1,736,-1,746,-1,850,-1,855,-1,-1,-1
benchmarks/i10.aig,17,861,855,0,0,16,no-supers,0,0,615,20,2,?,5,0,-1,34028234663852885981170418348451692544.000,34028234663852885981170418348451692544.000,0.000,34028234663852885981170418348451692544.000,OAI22xp33_ASAP7_75t_L,81.550,71.082,-1,-1,-1,2,-1,627,-1,799,-1,809,-1,854,-1,-1,-1
benchmarks/i10.aig,18,861,855,0,0,17,no-supers,0,0,615,20,2,?,5,0,-1,34028234663852885981170418348451692544.000,34028234663852885981170418348451692544.000,0.000,34028234663852885981170418348451692544.000,OAI22xp33_ASAP7_75t_L,81.550,71.082,4,-1,-1,734,-1,735,-1,746,-1,850,-1,855,-1,-1,-1
benchmarks/i10.aig,19,861,855,0,0,18,no-supers,0,0,615,20,2,?,5,0,-1,34028234663852885981170418348451692544.000,34028234663852885981170418348451692544.000,0.000,34028234663852885981170418348451692544.000,OAI22xp33_ASAP7_75t_L,81.550,71.082,4,-1,-1,2,-1,624,-1,626,-1,799,-1,855,-1,-1,-1
benchmarks/i10.aig,20,861,855,0,0,19,no-supers,0,0,615,20,2,?,5,0,-1,34028234663852885981170418348451692544.000,34028234663852885981170418348451692544.000,0.000,34028234663852885981170418348451692544.000,OAI22xp33_ASAP7_75t_L,81.550,71.082,-1,-1,-1,797,-1,798,-1,850,-1,809,-1,854,-1,-1,-1
benchmarks/i10.aig,21,861,855,0,0,20,no-supers,0,0,615,20,2,?,5,0,-1,34028234663852885981170418348451692544.000,34028234663852885981170418348451692544.000,0.000,34028234663852885981170418348451692544.000,OAI22xp33_ASAP7_75t_L,81.550,71.082,4,-1,-1,2,-1,627,-1,797,-1,798,-1,855,-1,-1,-1
benchmarks/i10.aig,22,861,855,0,0,21,no-supers,0,0,615,20,2,?,5,0,-1,34028234663852885981170418348451692544.000,34028234663852885981170418348451692544.000,0.000,34028234663852885981170418348451692544.000,OAI22xp33_ASAP7_75t_L,81.550,71.082,4,-1,-1,2,-1,627,-1,751,-1,795,-1,855,-1,-1,-1
benchmarks/i10.aig,23,861,855,0,0,22,no-supers,0,0,615,20,2,?,5,0,-1,34028234663852885981170418348451692544.000,34028234663852885981170418348451692544.000,0.000,34028234663852885981170418348451692544.000,OAI22xp33_ASAP7_75t_L,81.550,71.082,4,-1,-1,2,-1,627,-1,746,-1,749,-1,855,-1,-1,-1
benchmarks/i10.aig,24,861,855,0,0,23,no-supers,0,0,615,20,2,?,5,0,-1,34028234663852885981170418348451692544.000,34028234663852885981170418348451692544.000,0.000,34028234663852885981170418348451692544.000,OAI22xp33_ASAP7_75t_L,81.550,71.082,-1,-1,-1,751,-1,795,-1,850,-1,809,-1,854,-1,-1,-1
benchmarks/i10.aig,25,861,855,0,0,24,no-supers,0,0,615,20,2,?,5,0,-1,34028234663852885981170418348451692544.000,34028234663852885981170418348451692544.000,0.000,34028234663852885981170418348451692544.000,OAI22xp33_ASAP7_75t_L,81.550,71.082,-1,-1,-1,746,-1,749,-1,850,-1,809,-1,854,-1,-1,-1
benchmarks/i10.aig,26,861,855,0,0,25,no-supers,0,0,615,20,2,?,5,0,-1,34028234663852885981170418348451692544.000,34028234663852885981170418348451692544.000,0.000,34028234663852885981170418348451692544.000,OAI22xp33_ASAP7_75t_L,81.550,71.082,-1,-1,-1,736,-1,739,-1,745,-1,795,-1,856,-1,-1,-1
benchmarks/i10.aig,27,861,855,0,0,26,no-supers,0,0,615,20,2,?,5,0,-1,34028234663852885981170418348451692544.000,34028234663852885981170418348451692544.000,0.000,34028234663852885981170418348451692544.000,OAI22xp33_ASAP7_75t_L,81.550,71.082,-1,-1,-1,734,-1,735,-1,739,-1,745,-1,856,-1,-1,-1
benchmarks/i10.aig,28,861,855,0,0,27,no-supers,0,0,615,20,2,?,5,0,-1,34028234663852885981170418348451692544.000,34028234663852885981170418348451692544.000,0.000,34028234663852885981170418348451692544.000,OAI22xp33_ASAP7_75t_L,81.550,71.082,-1,-1,-1,729,-1,730,-1,735,-1,746,-1,856,-1,-1,-1
benchmarks/i10.aig,29,861,855,0,0,28,no-supers,0,0,615,20,2,?,5,0,-1,34028234663852885981170418348451692544.000,34028234663852885981170418348451692544.000,0.000,34028234663852885981170418348451692544.000,OAI22xp33_ASAP7_75t_L,81.550,71.082,-1,-1,-1,710,-1,738,-1,745,-1,749,-1,856,-1,-1,-1
benchmarks/i10.aig,30,861,855,0,0,29,no-supers,0,0,615,20,2,?,5,0,-1,34028234663852885981170418348451692544.000,34028234663852885981170418348451692544.000,0.000,34028234663852885981170418348451692544.000,OAI22xp33_ASAP7_75t_L,81.550,71.082,-1,-1,-1,699,-1,709,-1,745,-1,749,-1,856,-1,-1,-1
benchmarks/i10.aig,31,861,855,0,0,30,no-supers,0,0,615,20,2,?,5,0,-1,34028234663852885981170418348451692544.000,34028234663852885981170418348451692544.000,0.000,34028234663852885981170418348451692544.000,OAI22xp33_ASAP7_75t_L,81.550,71.082,-1,-1,-1,732,-1,733,-1,735,-1,746,-1,856,-1,-1,-1
benchmarks/i10.aig,32,861,855,0,0,31,no-supers,0,0,615,20,2,?,5,0,-1,34028234663852885981170418348451692544.000,34028234663852885981170418348451692544.000,0.000,34028234663852885981170418348451692544.000,OAI22xp33_ASAP7_75t_L,81.550,71.082,-1,-1,-1,84,-1,208,-1,734,-1,746,-1,856,-1,-1,-1
benchmarks/i10.aig,33,861,855,0,0,32,no-supers,0,0,615,20,2,?,5,0,-1,34028234663852885981170418348451692544.000,34028234663852885981170418348451692544.000,0.000,34028234663852885981170418348451692544.000,OAI22xp33_ASAP7_75t_L,81.550,71.082,-1,-1,-1,737,-1,736,-1,739,-1,745,-1,856,-1,-1,-1
benchmarks/i10.aig,34,861,855,0,0,33,no-supers,0,0,615,20,2,?,5,0,-1,34028234663852885981170418348451692544.000,34028234663852885981170418348451692544.000,0.000,34028234663852885981170418348451692544.000,OAI22xp33_ASAP7_75t_L,81.550,71.082,-1,-1,-1,710,-1,727,-1,735,-1,746,-1,856,-1,-1,-1
benchmarks/i10.aig,35,861,855,0,0,34,no-supers,0,0,615,20,2,?,5,0,-1,34028234663852885981170418348451692544.000,34028234663852885981170418348451692544.000,0.000,34028234663852885981170418348451692544.000,OAI22xp33_ASAP7_75t_L,81.550,71.082,-1,-1,-1,739,-1,743,-1,744,-1,749,-1,856,-1,-1,-1
benchmarks/i10.aig,36,861,855,0,0,35,no-supers,0,0,615,20,2,?,5,0,-1,34028234663852885981170418348451692544.000,34028234663852885981170418348451692544.000,0.000,34028234663852885981170418348451692544.000,OAI22xp33_ASAP7_75t_L,81.550,71.082,4,-1,-1,739,-1,745,-1,749,-1,850,-1,855,-1,-1,-1
benchmarks/i10.aig,37,861,855,0,0,36,no-supers,0,0,615,20,2,?,5,0,-1,34028234663852885981170418348451692544.000,34028234663852885981170418348451692544.000,0.000,34028234663852885981170418348451692544.000,OAI22xp33_ASAP7_75t_L,81.550,71.082,-1,-1,-1,649,-1,799,-1,850,-1,809,-1,853,-1,-1,-1
benchmarks/i10.aig,38,861,855,0,0,37,no-supers,0,0,615,20,2,?,5,0,-1,34028234663852885981170418348451692544.000,34028234663852885981170418348451692544.000,0.000,34028234663852885981170418348451692544.000,OAI22xp33_ASAP7_75t_L,81.550,71.082,4,-1,-1,736,-1,746,-1,795,-1,850,-1,855,-1,-1,-1
benchmarks/i10.aig,39,861,855,0,1,0,accepted-best,1,1,615,20,2,NOR2xp33_ASAP7_75t_L,2,1,5,86.320,34028234663852885981170418348451692544.000,34028234663852885981170418348451692544.000,3.120,?,34028234663852885981170418348451692544.000,34028234663852885981170418348451692544.000,-1,-1,-1,799,0,856,1,-1,-1,-1,-1,-1,-1,-1,-1
benchmarks/i10.aig,40,861,855,0,1,1,no-supers,0,0,615,20,2,?,3,0,-1,34028234663852885981170418348451692544.000,34028234663852885981170418348451692544.000,0.000,34028234663852885981170418348451692544.000,NOR2xp33_ASAP7_75t_L,86.320,3.120,-1,-1,-1,746,-1,749,-1,856,-1,-1,-1,-1,-1,-1,-1
benchmarks/i10.aig,41,861,855,0,1,2,no-super-best,0,0,615,20,2,?,3,0,-1,34028234663852885981170418348451692544.000,34028234663852885981170418348451692544.000,0.000,34028234663852885981170418348451692544.000,NOR2xp33_ASAP7_75t_L,86.320,3.120,2,-1,-1,799,-1,850,-1,855,-1,-1,-1,-1,-1,-1,-1
benchmarks/i10.aig,42,861,855,0,1,3,no-super-best,0,0,615,20,2,?,3,0,-1,34028234663852885981170418348451692544.000,34028234663852885981170418348451692544.000,0.000,34028234663852885981170418348451692544.000,NOR2xp33_ASAP7_75t_L,86.320,3.120,-1,-1,-1,797,-1,798,-1,856,-1,-1,-1,-1,-1,-1,-1
benchmarks/i10.aig,43,861,855,0,1,4,accepted-best,1,1,615,20,2,AOI21xp33_ASAP7_75t_L,3,3,2,86.110,34028234663852885981170418348451692544.000,34028234663852885981170418348451692544.000,16.917,NOR2xp33_ASAP7_75t_L,86.320,3.120,-1,-1,-1,751,0,795,0,856,1,-1,-1,-1,-1,-1,-1
benchmarks/i10.aig,44,861,855,0,1,5,no-supers,0,0,615,20,2,?,4,0,-1,34028234663852885981170418348451692544.000,34028234663852885981170418348451692544.000,0.000,34028234663852885981170418348451692544.000,AOI21xp33_ASAP7_75t_L,86.110,16.917,-1,-1,-1,737,-1,736,-1,746,-1,856,-1,-1,-1,-1,-1
benchmarks/i10.aig,45,861,855,0,1,6,no-supers,0,0,615,20,2,?,4,0,-1,34028234663852885981170418348451692544.000,34028234663852885981170418348451692544.000,0.000,34028234663852885981170418348451692544.000,AOI21xp33_ASAP7_75t_L,86.110,16.917,-1,-1,-1,734,-1,735,-1,746,-1,856,-1,-1,-1,-1,-1
benchmarks/i10.aig,46,861,855,0,1,7,accepted-best,1,1,615,20,2,AOI211xp5_ASAP7_75t_L,4,12,1,83.960,34028234663852885981170418348451692544.000,34028234663852885981170418348451692544.000,67.220,AOI21xp33_ASAP7_75t_L,86.110,16.917,3,0,1,797,1,798,1,850,0,855,0,-1,-1,-1,-1
benchmarks/i10.aig,47,861,855,0,1,8,no-super-best,0,0,615,20,2,?,4,0,-1,34028234663852885981170418348451692544.000,34028234663852885981170418348451692544.000,0.000,34028234663852885981170418348451692544.000,AOI211xp5_ASAP7_75t_L,83.960,67.220,3,-1,-1,2,-1,627,-1,799,-1,855,-1,-1,-1,-1,-1
benchmarks/i10.aig,48,861,855,0,1,9,no-supers,0,0,615,20,2,?,4,0,-1,34028234663852885981170418348451692544.000,34028234663852885981170418348451692544.000,0.000,34028234663852885981170418348451692544.000,AOI211xp5_ASAP7_75t_L,83.960,67.220,-1,-1,-1,739,-1,745,-1,749,-1,856,-1,-1,-1,-1,-1
benchmarks/i10.aig,49,861,855,0,1,10,no-super-best,0,0,615,20,2,?,4,0,-1,34028234663852885981170418348451692544.000,34028234663852885981170418348451692544.000,0.000,34028234663852885981170418348451692544.000,AOI211xp5_ASAP7_75t_L,83.960,67.220,-1,-1,-1,799,-1,850,-1,809,-1,854,-1,-1,-1,-1,-1
benchmarks/i10.aig,50,861,855,0,1,11,no-supers,0,0,615,20,2,?,4,0,-1,34028234663852885981170418348451692544.000,34028234663852885981170418348451692544.000,0.000,34028234663852885981170418348451692544.000,AOI211xp5_ASAP7_75t_L,83.960,67.220,3,-1,-1,746,-1,749,-1,850,-1,855,-1,-1,-1,-1,-1
benchmarks/i10.aig,51,861,855,0,1,12,accepted-best,1,1,615,20,2,AOI22xp33_ASAP7_75t_L,4,15,1,82.260,34028234663852885981170418348451692544.000,34028234663852885981170418348451692544.000,62.995,AOI211xp5_ASAP7_75t_L,83.960,67.220,3,0,1,751,0,795,0,850,0,855,0,-1,-1,-1,-1
benchmarks/i10.aig,52,861,855,0,1,13,no-super-best,0,0,615,20,2,?,4,0,-1,34028234663852885981170418348451692544.000,34028234663852885981170418348451692544.000,0.000,34028234663852885981170418348451692544.000,AOI22xp33_ASAP7_75t_L,82.260,62.995,-1,-1,-1,736,-1,746,-1,795,-1,856,-1,-1,-1,-1,-1
benchmarks/i10.aig,53,861,855,0,1,14,no-supers,0,0,615,20,2,?,5,0,-1,34028234663852885981170418348451692544.000,34028234663852885981170418348451692544.000,0.000,34028234663852885981170418348451692544.000,AOI22xp33_ASAP7_75t_L,82.260,62.995,-1,-1,-1,624,-1,629,-1,799,-1,850,-1,854,-1,-1,-1
benchmarks/i10.aig,54,861,855,0,1,15,no-supers,0,0,615,20,2,?,5,0,-1,34028234663852885981170418348451692544.000,34028234663852885981170418348451692544.000,0.000,34028234663852885981170418348451692544.000,AOI22xp33_ASAP7_75t_L,82.260,62.995,4,-1,-1,737,-1,736,-1,746,-1,850,-1,855,-1,-1,-1
benchmarks/i10.aig,55,861,855,0,1,16,no-supers,0,0,615,20,2,?,5,0,-1,34028234663852885981170418348451692544.000,34028234663852885981170418348451692544.000,0.000,34028234663852885981170418348451692544.000,AOI22xp33_ASAP7_75t_L,82.260,62.995,-1,-1,-1,2,-1,627,-1,799,-1,809,-1,854,-1,-1,-1
benchmarks/i10.aig,56,861,855,0,1,17,no-supers,0,0,615,20,2,?,5,0,-1,34028234663852885981170418348451692544.000,34028234663852885981170418348451692544.000,0.000,34028234663852885981170418348451692544.000,AOI22xp33_ASAP7_75t_L,82.260,62.995,4,-1,-1,734,-1,735,-1,746,-1,850,-1,855,-1,-1,-1
benchmarks/i10.aig,57,861,855,0,1,18,no-supers,0,0,615,20,2,?,5,0,-1,34028234663852885981170418348451692544.000,34028234663852885981170418348451692544.000,0.000,34028234663852885981170418348451692544.000,AOI22xp33_ASAP7_75t_L,82.260,62.995,4,-1,-1,2,-1,624,-1,626,-1,799,-1,855,-1,-1,-1
benchmarks/i10.aig,58,861,855,0,1,19,no-supers,0,0,615,20,2,?,5,0,-1,34028234663852885981170418348451692544.000,34028234663852885981170418348451692544.000,0.000,34028234663852885981170418348451692544.000,AOI22xp33_ASAP7_75t_L,82.260,62.995,-1,-1,-1,797,-1,798,-1,850,-1,809,-1,854,-1,-1,-1
benchmarks/i10.aig,59,861,855,0,1,20,no-supers,0,0,615,20,2,?,5,0,-1,34028234663852885981170418348451692544.000,34028234663852885981170418348451692544.000,0.000,34028234663852885981170418348451692544.000,AOI22xp33_ASAP7_75t_L,82.260,62.995,4,-1,-1,2,-1,627,-1,797,-1,798,-1,855,-1,-1,-1
benchmarks/i10.aig,60,861,855,0,1,21,no-supers,0,0,615,20,2,?,5,0,-1,34028234663852885981170418348451692544.000,34028234663852885981170418348451692544.000,0.000,34028234663852885981170418348451692544.000,AOI22xp33_ASAP7_75t_L,82.260,62.995,4,-1,-1,2,-1,627,-1,751,-1,795,-1,855,-1,-1,-1
benchmarks/i10.aig,61,861,855,0,1,22,no-supers,0,0,615,20,2,?,5,0,-1,34028234663852885981170418348451692544.000,34028234663852885981170418348451692544.000,0.000,34028234663852885981170418348451692544.000,AOI22xp33_ASAP7_75t_L,82.260,62.995,4,-1,-1,2,-1,627,-1,746,-1,749,-1,855,-1,-1,-1
benchmarks/i10.aig,62,861,855,0,1,23,no-supers,0,0,615,20,2,?,5,0,-1,34028234663852885981170418348451692544.000,34028234663852885981170418348451692544.000,0.000,34028234663852885981170418348451692544.000,AOI22xp33_ASAP7_75t_L,82.260,62.995,-1,-1,-1,751,-1,795,-1,850,-1,809,-1,854,-1,-1,-1
benchmarks/i10.aig,63,861,855,0,1,24,no-supers,0,0,615,20,2,?,5,0,-1,34028234663852885981170418348451692544.000,34028234663852885981170418348451692544.000,0.000,34028234663852885981170418348451692544.000,AOI22xp33_ASAP7_75t_L,82.260,62.995,-1,-1,-1,746,-1,749,-1,850,-1,809,-1,854,-1,-1,-1
benchmarks/i10.aig,64,861,855,0,1,25,no-supers,0,0,615,20,2,?,5,0,-1,34028234663852885981170418348451692544.000,34028234663852885981170418348451692544.000,0.000,34028234663852885981170418348451692544.000,AOI22xp33_ASAP7_75t_L,82.260,62.995,-1,-1,-1,736,-1,739,-1,745,-1,795,-1,856,-1,-1,-1
benchmarks/i10.aig,65,861,855,0,1,26,no-supers,0,0,615,20,2,?,5,0,-1,34028234663852885981170418348451692544.000,34028234663852885981170418348451692544.000,0.000,34028234663852885981170418348451692544.000,AOI22xp33_ASAP7_75t_L,82.260,62.995,-1,-1,-1,734,-1,735,-1,739,-1,745,-1,856,-1,-1,-1
benchmarks/i10.aig,66,861,855,0,1,27,no-supers,0,0,615,20,2,?,5,0,-1,34028234663852885981170418348451692544.000,34028234663852885981170418348451692544.000,0.000,34028234663852885981170418348451692544.000,AOI22xp33_ASAP7_75t_L,82.260,62.995,-1,-1,-1,729,-1,730,-1,735,-1,746,-1,856,-1,-1,-1
benchmarks/i10.aig,67,861,855,0,1,28,no-supers,0,0,615,20,2,?,5,0,-1,34028234663852885981170418348451692544.000,34028234663852885981170418348451692544.000,0.000,34028234663852885981170418348451692544.000,AOI22xp33_ASAP7_75t_L,82.260,62.995,-1,-1,-1,710,-1,738,-1,745,-1,749,-1,856,-1,-1,-1
benchmarks/i10.aig,68,861,855,0,1,29,no-supers,0,0,615,20,2,?,5,0,-1,34028234663852885981170418348451692544.000,34028234663852885981170418348451692544.000,0.000,34028234663852885981170418348451692544.000,AOI22xp33_ASAP7_75t_L,82.260,62.995,-1,-1,-1,699,-1,709,-1,745,-1,749,-1,856,-1,-1,-1
benchmarks/i10.aig,69,861,855,0,1,30,no-supers,0,0,615,20,2,?,5,0,-1,34028234663852885981170418348451692544.000,34028234663852885981170418348451692544.000,0.000,34028234663852885981170418348451692544.000,AOI22xp33_ASAP7_75t_L,82.260,62.995,-1,-1,-1,732,-1,733,-1,735,-1,746,-1,856,-1,-1,-1
benchmarks/i10.aig,70,861,855,0,1,31,no-supers,0,0,615,20,2,?,5,0,-1,34028234663852885981170418348451692544.000,34028234663852885981170418348451692544.000,0.000,34028234663852885981170418348451692544.000,AOI22xp33_ASAP7_75t_L,82.260,62.995,-1,-1,-1,84,-1,208,-1,734,-1,746,-1,856,-1,-1,-1
benchmarks/i10.aig,71,861,855,0,1,32,no-supers,0,0,615,20,2,?,5,0,-1,34028234663852885981170418348451692544.000,34028234663852885981170418348451692544.000,0.000,34028234663852885981170418348451692544.000,AOI22xp33_ASAP7_75t_L,82.260,62.995,-1,-1,-1,737,-1,736,-1,739,-1,745,-1,856,-1,-1,-1
benchmarks/i10.aig,72,861,855,0,1,33,no-supers,0,0,615,20,2,?,5,0,-1,34028234663852885981170418348451692544.000,34028234663852885981170418348451692544.000,0.000,34028234663852885981170418348451692544.000,AOI22xp33_ASAP7_75t_L,82.260,62.995,-1,-1,-1,710,-1,727,-1,735,-1,746,-1,856,-1,-1,-1
benchmarks/i10.aig,73,861,855,0,1,34,no-supers,0,0,615,20,2,?,5,0,-1,34028234663852885981170418348451692544.000,34028234663852885981170418348451692544.000,0.000,34028234663852885981170418348451692544.000,AOI22xp33_ASAP7_75t_L,82.260,62.995,-1,-1,-1,739,-1,743,-1,744,-1,749,-1,856,-1,-1,-1
benchmarks/i10.aig,74,861,855,0,1,35,no-supers,0,0,615,20,2,?,5,0,-1,34028234663852885981170418348451692544.000,34028234663852885981170418348451692544.000,0.000,34028234663852885981170418348451692544.000,AOI22xp33_ASAP7_75t_L,82.260,62.995,4,-1,-1,739,-1,745,-1,749,-1,850,-1,855,-1,-1,-1
benchmarks/i10.aig,75,861,855,0,1,36,no-supers,0,0,615,20,2,?,5,0,-1,34028234663852885981170418348451692544.000,34028234663852885981170418348451692544.000,0.000,34028234663852885981170418348451692544.000,AOI22xp33_ASAP7_75t_L,82.260,62.995,-1,-1,-1,649,-1,799,-1,850,-1,809,-1,853,-1,-1,-1
benchmarks/i10.aig,76,861,855,0,1,37,no-supers,0,0,615,20,2,?,5,0,-1,34028234663852885981170418348451692544.000,34028234663852885981170418348451692544.000,0.000,34028234663852885981170418348451692544.000,AOI22xp33_ASAP7_75t_L,82.260,62.995,4,-1,-1,736,-1,746,-1,795,-1,850,-1,855,-1,-1,-1
benchmarks/i10.aig,77,861,855,1,0,0,violates-required,0,0,615,20,2,NAND2xp33_ASAP7_75t_L,2,2,5,85.730,81.560,-4.170,1.317,OAI22xp33_ASAP7_75t_L,81.550,71.082,-1,-1,-1,799,1,856,0,-1,-1,-1,-1,-1,-1,-1,-1
benchmarks/i10.aig,78,861,855,1,0,1,no-supers,0,0,615,20,2,?,3,0,-1,34028234663852885981170418348451692544.000,81.560,-34028234663852885981170418348451692544.000,34028234663852885981170418348451692544.000,OAI22xp33_ASAP7_75t_L,81.550,71.082,-1,-1,-1,746,-1,749,-1,856,-1,-1,-1,-1,-1,-1,-1
benchmarks/i10.aig,79,861,855,1,0,2,no-super-best,0,0,615,20,2,?,3,0,-1,34028234663852885981170418348451692544.000,81.560,-34028234663852885981170418348451692544.000,34028234663852885981170418348451692544.000,OAI22xp33_ASAP7_75t_L,81.550,71.082,2,-1,-1,799,-1,850,-1,855,-1,-1,-1,-1,-1,-1,-1
benchmarks/i10.aig,80,861,855,1,0,3,violates-required,0,0,615,20,2,NAND3xp33_ASAP7_75t_L,3,7,2,86.040,81.560,-4.480,4.002,OAI22xp33_ASAP7_75t_L,81.550,71.082,-1,-1,-1,797,0,798,0,856,0,-1,-1,-1,-1,-1,-1
benchmarks/i10.aig,81,861,855,1,0,4,violates-required,0,0,615,20,2,OAI21xp33_ASAP7_75t_L,3,4,2,85.340,81.560,-3.780,3.818,OAI22xp33_ASAP7_75t_L,81.550,71.082,-1,-1,-1,751,1,795,1,856,0,-1,-1,-1,-1,-1,-1
benchmarks/i10.aig,82,861,855,1,0,5,no-supers,0,0,615,20,2,?,4,0,-1,34028234663852885981170418348451692544.000,81.560,-34028234663852885981170418348451692544.000,34028234663852885981170418348451692544.000,OAI22xp33_ASAP7_75t_L,81.550,71.082,-1,-1,-1,737,-1,736,-1,746,-1,856,-1,-1,-1,-1,-1
benchmarks/i10.aig,83,861,855,1,0,6,no-supers,0,0,615,20,2,?,4,0,-1,34028234663852885981170418348451692544.000,81.560,-34028234663852885981170418348451692544.000,34028234663852885981170418348451692544.000,OAI22xp33_ASAP7_75t_L,81.550,71.082,-1,-1,-1,734,-1,735,-1,746,-1,856,-1,-1,-1,-1,-1
benchmarks/i10.aig,84,861,855,1,0,7,violates-required,0,0,615,20,2,OAI211xp5_ASAP7_75t_L,4,3,1,82.580,81.560,-1.020,7.526,OAI22xp33_ASAP7_75t_L,81.550,71.082,3,1,0,797,0,798,0,850,1,855,1,-1,-1,-1,-1
benchmarks/i10.aig,85,861,855,1,0,8,no-super-best,0,0,615,20,2,?,4,0,-1,34028234663852885981170418348451692544.000,81.560,-34028234663852885981170418348451692544.000,34028234663852885981170418348451692544.000,OAI22xp33_ASAP7_75t_L,81.550,71.082,3,-1,-1,2,-1,627,-1,799,-1,855,-1,-1,-1,-1,-1
benchmarks/i10.aig,86,861,855,1,0,9,no-supers,0,0,615,20,2,?,4,0,-1,34028234663852885981170418348451692544.000,81.560,-34028234663852885981170418348451692544.000,34028234663852885981170418348451692544.000,OAI22xp33_ASAP7_75t_L,81.550,71.082,-1,-1,-1,739,-1,745,-1,749,-1,856,-1,-1,-1,-1,-1
benchmarks/i10.aig,87,861,855,1,0,10,no-super-best,0,0,615,20,2,?,4,0,-1,34028234663852885981170418348451692544.000,81.560,-34028234663852885981170418348451692544.000,34028234663852885981170418348451692544.000,OAI22xp33_ASAP7_75t_L,81.550,71.082,-1,-1,-1,799,-1,850,-1,809,-1,854,-1,-1,-1,-1,-1
benchmarks/i10.aig,88,861,855,1,0,11,no-supers,0,0,615,20,2,?,4,0,-1,34028234663852885981170418348451692544.000,81.560,-34028234663852885981170418348451692544.000,34028234663852885981170418348451692544.000,OAI22xp33_ASAP7_75t_L,81.550,71.082,3,-1,-1,746,-1,749,-1,850,-1,855,-1,-1,-1,-1,-1
benchmarks/i10.aig,89,861,855,1,0,12,accepted-best,1,1,615,20,2,OAI22xp33_ASAP7_75t_L,4,0,1,81.550,81.560,0.010,7.343,OAI22xp33_ASAP7_75t_L,81.550,71.082,3,1,0,751,1,795,1,850,1,855,1,-1,-1,-1,-1
benchmarks/i10.aig,90,861,855,1,0,13,no-super-best,0,0,615,20,2,?,4,0,-1,34028234663852885981170418348451692544.000,81.560,-34028234663852885981170418348451692544.000,34028234663852885981170418348451692544.000,OAI22xp33_ASAP7_75t_L,81.550,7.343,-1,-1,-1,736,-1,746,-1,795,-1,856,-1,-1,-1,-1,-1
benchmarks/i10.aig,91,861,855,1,0,14,no-supers,0,0,615,20,2,?,5,0,-1,34028234663852885981170418348451692544.000,81.560,-34028234663852885981170418348451692544.000,34028234663852885981170418348451692544.000,OAI22xp33_ASAP7_75t_L,81.550,7.343,-1,-1,-1,624,-1,629,-1,799,-1,850,-1,854,-1,-1,-1
benchmarks/i10.aig,92,861,855,1,0,15,no-supers,0,0,615,20,2,?,5,0,-1,34028234663852885981170418348451692544.000,81.560,-34028234663852885981170418348451692544.000,34028234663852885981170418348451692544.000,OAI22xp33_ASAP7_75t_L,81.550,7.343,4,-1,-1,737,-1,736,-1,746,-1,850,-1,855,-1,-1,-1
benchmarks/i10.aig,93,861,855,1,0,16,no-supers,0,0,615,20,2,?,5,0,-1,34028234663852885981170418348451692544.000,81.560,-34028234663852885981170418348451692544.000,34028234663852885981170418348451692544.000,OAI22xp33_ASAP7_75t_L,81.550,7.343,-1,-1,-1,2,-1,627,-1,799,-1,809,-1,854,-1,-1,-1
benchmarks/i10.aig,94,861,855,1,0,17,no-supers,0,0,615,20,2,?,5,0,-1,34028234663852885981170418348451692544.000,81.560,-34028234663852885981170418348451692544.000,34028234663852885981170418348451692544.000,OAI22xp33_ASAP7_75t_L,81.550,7.343,4,-1,-1,734,-1,735,-1,746,-1,850,-1,855,-1,-1,-1
benchmarks/i10.aig,95,861,855,1,0,18,no-supers,0,0,615,20,2,?,5,0,-1,34028234663852885981170418348451692544.000,81.560,-34028234663852885981170418348451692544.000,34028234663852885981170418348451692544.000,OAI22xp33_ASAP7_75t_L,81.550,7.343,4,-1,-1,2,-1,624,-1,626,-1,799,-1,855,-1,-1,-1
benchmarks/i10.aig,96,861,855,1,0,19,no-supers,0,0,615,20,2,?,5,0,-1,34028234663852885981170418348451692544.000,81.560,-34028234663852885981170418348451692544.000,34028234663852885981170418348451692544.000,OAI22xp33_ASAP7_75t_L,81.550,7.343,-1,-1,-1,797,-1,798,-1,850,-1,809,-1,854,-1,-1,-1
benchmarks/i10.aig,97,861,855,1,0,20,no-supers,0,0,615,20,2,?,5,0,-1,34028234663852885981170418348451692544.000,81.560,-34028234663852885981170418348451692544.000,34028234663852885981170418348451692544.000,OAI22xp33_ASAP7_75t_L,81.550,7.343,4,-1,-1,2,-1,627,-1,797,-1,798,-1,855,-1,-1,-1
benchmarks/i10.aig,98,861,855,1,0,21,no-supers,0,0,615,20,2,?,5,0,-1,34028234663852885981170418348451692544.000,81.560,-34028234663852885981170418348451692544.000,34028234663852885981170418348451692544.000,OAI22xp33_ASAP7_75t_L,81.550,7.343,4,-1,-1,2,-1,627,-1,751,-1,795,-1,855,-1,-1,-1
benchmarks/i10.aig,99,861,855,1,0,22,no-supers,0,0,615,20,2,?,5,0,-1,34028234663852885981170418348451692544.000,81.560,-34028234663852885981170418348451692544.000,34028234663852885981170418348451692544.000,OAI22xp33_ASAP7_75t_L,81.550,7.343,4,-1,-1,2,-1,627,-1,746,-1,749,-1,855,-1,-1,-1
benchmarks/i10.aig,100,861,855,1,0,23,no-supers,0,0,615,20,2,?,5,0,-1,34028234663852885981170418348451692544.000,81.560,-34028234663852885981170418348451692544.000,34028234663852885981170418348451692544.000,OAI22xp33_ASAP7_75t_L,81.550,7.343,-1,-1,-1,751,-1,795,-1,850,-1,809,-1,854,-1,-1,-1
benchmarks/i10.aig,101,861,855,1,0,24,no-supers,0,0,615,20,2,?,5,0,-1,34028234663852885981170418348451692544.000,81.560,-34028234663852885981170418348451692544.000,34028234663852885981170418348451692544.000,OAI22xp33_ASAP7_75t_L,81.550,7.343,-1,-1,-1,746,-1,749,-1,850,-1,809,-1,854,-1,-1,-1
benchmarks/i10.aig,102,861,855,1,0,25,no-supers,0,0,615,20,2,?,5,0,-1,34028234663852885981170418348451692544.000,81.560,-34028234663852885981170418348451692544.000,34028234663852885981170418348451692544.000,OAI22xp33_ASAP7_75t_L,81.550,7.343,-1,-1,-1,736,-1,739,-1,745,-1,795,-1,856,-1,-1,-1
benchmarks/i10.aig,103,861,855,1,0,26,no-supers,0,0,615,20,2,?,5,0,-1,34028234663852885981170418348451692544.000,81.560,-34028234663852885981170418348451692544.000,34028234663852885981170418348451692544.000,OAI22xp33_ASAP7_75t_L,81.550,7.343,-1,-1,-1,734,-1,735,-1,739,-1,745,-1,856,-1,-1,-1
benchmarks/i10.aig,104,861,855,1,0,27,no-supers,0,0,615,20,2,?,5,0,-1,34028234663852885981170418348451692544.000,81.560,-34028234663852885981170418348451692544.000,34028234663852885981170418348451692544.000,OAI22xp33_ASAP7_75t_L,81.550,7.343,-1,-1,-1,729,-1,730,-1,735,-1,746,-1,856,-1,-1,-1
benchmarks/i10.aig,105,861,855,1,0,28,no-supers,0,0,615,20,2,?,5,0,-1,34028234663852885981170418348451692544.000,81.560,-34028234663852885981170418348451692544.000,34028234663852885981170418348451692544.000,OAI22xp33_ASAP7_75t_L,81.550,7.343,-1,-1,-1,710,-1,738,-1,745,-1,749,-1,856,-1,-1,-1
benchmarks/i10.aig,106,861,855,1,0,29,no-supers,0,0,615,20,2,?,5,0,-1,34028234663852885981170418348451692544.000,81.560,-34028234663852885981170418348451692544.000,34028234663852885981170418348451692544.000,OAI22xp33_ASAP7_75t_L,81.550,7.343,-1,-1,-1,699,-1,709,-1,745,-1,749,-1,856,-1,-1,-1
benchmarks/i10.aig,107,861,855,1,0,30,no-supers,0,0,615,20,2,?,5,0,-1,34028234663852885981170418348451692544.000,81.560,-34028234663852885981170418348451692544.000,34028234663852885981170418348451692544.000,OAI22xp33_ASAP7_75t_L,81.550,7.343,-1,-1,-1,732,-1,733,-1,735,-1,746,-1,856,-1,-1,-1
benchmarks/i10.aig,108,861,855,1,0,31,no-supers,0,0,615,20,2,?,5,0,-1,34028234663852885981170418348451692544.000,81.560,-34028234663852885981170418348451692544.000,34028234663852885981170418348451692544.000,OAI22xp33_ASAP7_75t_L,81.550,7.343,-1,-1,-1,84,-1,208,-1,734,-1,746,-1,856,-1,-1,-1
benchmarks/i10.aig,109,861,855,1,0,32,no-supers,0,0,615,20,2,?,5,0,-1,34028234663852885981170418348451692544.000,81.560,-34028234663852885981170418348451692544.000,34028234663852885981170418348451692544.000,OAI22xp33_ASAP7_75t_L,81.550,7.343,-1,-1,-1,737,-1,736,-1,739,-1,745,-1,856,-1,-1,-1
benchmarks/i10.aig,110,861,855,1,0,33,no-supers,0,0,615,20,2,?,5,0,-1,34028234663852885981170418348451692544.000,81.560,-34028234663852885981170418348451692544.000,34028234663852885981170418348451692544.000,OAI22xp33_ASAP7_75t_L,81.550,7.343,-1,-1,-1,710,-1,727,-1,735,-1,746,-1,856,-1,-1,-1
benchmarks/i10.aig,111,861,855,1,0,34,no-supers,0,0,615,20,2,?,5,0,-1,34028234663852885981170418348451692544.000,81.560,-34028234663852885981170418348451692544.000,34028234663852885981170418348451692544.000,OAI22xp33_ASAP7_75t_L,81.550,7.343,-1,-1,-1,739,-1,743,-1,744,-1,749,-1,856,-1,-1,-1
benchmarks/i10.aig,112,861,855,1,0,35,no-supers,0,0,615,20,2,?,5,0,-1,34028234663852885981170418348451692544.000,81.560,-34028234663852885981170418348451692544.000,34028234663852885981170418348451692544.000,OAI22xp33_ASAP7_75t_L,81.550,7.343,4,-1,-1,739,-1,745,-1,749,-1,850,-1,855,-1,-1,-1
benchmarks/i10.aig,113,861,855,1,0,36,no-supers,0,0,615,20,2,?,5,0,-1,34028234663852885981170418348451692544.000,81.560,-34028234663852885981170418348451692544.000,34028234663852885981170418348451692544.000,OAI22xp33_ASAP7_75t_L,81.550,7.343,-1,-1,-1,649,-1,799,-1,850,-1,809,-1,853,-1,-1,-1
benchmarks/i10.aig,114,861,855,1,0,37,no-supers,0,0,615,20,2,?,5,0,-1,34028234663852885981170418348451692544.000,81.560,-34028234663852885981170418348451692544.000,34028234663852885981170418348451692544.000,OAI22xp33_ASAP7_75t_L,81.550,7.343,4,-1,-1,736,-1,746,-1,795,-1,850,-1,855,-1,-1,-1
benchmarks/i10.aig,115,861,855,1,1,0,violates-required,0,0,615,20,2,NOR2xp33_ASAP7_75t_L,2,1,5,90.150,82.340,-7.810,1.349,AOI22xp33_ASAP7_75t_L,82.260,62.995,-1,-1,-1,799,0,856,1,-1,-1,-1,-1,-1,-1,-1,-1
benchmarks/i10.aig,116,861,855,1,1,1,no-supers,0,0,615,20,2,?,3,0,-1,34028234663852885981170418348451692544.000,82.340,-34028234663852885981170418348451692544.000,34028234663852885981170418348451692544.000,AOI22xp33_ASAP7_75t_L,82.260,62.995,-1,-1,-1,746,-1,749,-1,856,-1,-1,-1,-1,-1,-1,-1
benchmarks/i10.aig,117,861,855,1,1,2,no-super-best,0,0,615,20,2,?,3,0,-1,34028234663852885981170418348451692544.000,82.340,-34028234663852885981170418348451692544.000,34028234663852885981170418348451692544.000,AOI22xp33_ASAP7_75t_L,82.260,62.995,2,-1,-1,799,-1,850,-1,855,-1,-1,-1,-1,-1,-1,-1
benchmarks/i10.aig,118,861,855,1,1,3,no-super-best,0,0,615,20,2,?,3,0,-1,34028234663852885981170418348451692544.000,82.340,-34028234663852885981170418348451692544.000,34028234663852885981170418348451692544.000,AOI22xp33_ASAP7_75t_L,82.260,62.995,-1,-1,-1,797,-1,798,-1,856,-1,-1,-1,-1,-1,-1,-1
benchmarks/i10.aig,119,861,855,1,1,4,violates-required,0,0,615,20,2,AOI21xp33_ASAP7_75t_L,3,3,2,87.000,82.340,-4.660,2.998,AOI22xp33_ASAP7_75t_L,82.260,62.995,-1,-1,-1,751,0,795,0,856,1,-1,-1,-1,-1,-1,-1
benchmarks/i10.aig,120,861,855,1,1,5,no-supers,0,0,615,20,2,?,4,0,-1,34028234663852885981170418348451692544.000,82.340,-34028234663852885981170418348451692544.000,34028234663852885981170418348451692544.000,AOI22xp33_ASAP7_75t_L,82.260,62.995,-1,-1,-1,737,-1,736,-1,746,-1,856,-1,-1,-1,-1,-1
benchmarks/i10.aig,121,861,855,1,1,6,no-supers,0,0,615,20,2,?,4,0,-1,34028234663852885981170418348451692544.000,82.340,-34028234663852885981170418348451692544.000,34028234663852885981170418348451692544.000,AOI22xp33_ASAP7_75t_L,82.260,62.995,-1,-1,-1,734,-1,735,-1,746,-1,856,-1,-1,-1,-1,-1
benchmarks/i10.aig,122,861,855,1,1,7,violates-required,0,0,615,20,2,AOI211xp5_ASAP7_75t_L,4,12,1,83.970,82.340,-1.630,8.696,AOI22xp33_ASAP7_75t_L,82.260,62.995,3,0,1,797,1,798,1,850,0,855,0,-1,-1,-1,-1
benchmarks/i10.aig,123,861,855,1,1,8,no-super-best,0,0,615,20,2,?,4,0,-1,34028234663852885981170418348451692544.000,82.340,-34028234663852885981170418348451692544.000,34028234663852885981170418348451692544.000,AOI22xp33_ASAP7_75t_L,82.260,62.995,3,-1,-1,2,-1,627,-1,799,-1,855,-1,-1,-1,-1,-1
benchmarks/i10.aig,124,861,855,1,1,9,no-supers,0,0,615,20,2,?,4,0,-1,34028234663852885981170418348451692544.000,82.340,-34028234663852885981170418348451692544.000,34028234663852885981170418348451692544.000,AOI22xp33_ASAP7_75t_L,82.260,62.995,-1,-1,-1,739,-1,745,-1,749,-1,856,-1,-1,-1,-1,-1
benchmarks/i10.aig,125,861,855,1,1,10,no-super-best,0,0,615,20,2,?,4,0,-1,34028234663852885981170418348451692544.000,82.340,-34028234663852885981170418348451692544.000,34028234663852885981170418348451692544.000,AOI22xp33_ASAP7_75t_L,82.260,62.995,-1,-1,-1,799,-1,850,-1,809,-1,854,-1,-1,-1,-1,-1
benchmarks/i10.aig,126,861,855,1,1,11,no-supers,0,0,615,20,2,?,4,0,-1,34028234663852885981170418348451692544.000,82.340,-34028234663852885981170418348451692544.000,34028234663852885981170418348451692544.000,AOI22xp33_ASAP7_75t_L,82.260,62.995,3,-1,-1,746,-1,749,-1,850,-1,855,-1,-1,-1,-1,-1
benchmarks/i10.aig,127,861,855,1,1,12,accepted-best,1,1,615,20,2,AOI22xp33_ASAP7_75t_L,4,15,1,82.260,82.340,0.080,5.473,AOI22xp33_ASAP7_75t_L,82.260,62.995,3,0,1,751,0,795,0,850,0,855,0,-1,-1,-1,-1
benchmarks/i10.aig,128,861,855,1,1,13,no-super-best,0,0,615,20,2,?,4,0,-1,34028234663852885981170418348451692544.000,82.340,-34028234663852885981170418348451692544.000,34028234663852885981170418348451692544.000,AOI22xp33_ASAP7_75t_L,82.260,5.473,-1,-1,-1,736,-1,746,-1,795,-1,856,-1,-1,-1,-1,-1
benchmarks/i10.aig,129,861,855,1,1,14,no-supers,0,0,615,20,2,?,5,0,-1,34028234663852885981170418348451692544.000,82.340,-34028234663852885981170418348451692544.000,34028234663852885981170418348451692544.000,AOI22xp33_ASAP7_75t_L,82.260,5.473,-1,-1,-1,624,-1,629,-1,799,-1,850,-1,854,-1,-1,-1
benchmarks/i10.aig,130,861,855,1,1,15,no-supers,0,0,615,20,2,?,5,0,-1,34028234663852885981170418348451692544.000,82.340,-34028234663852885981170418348451692544.000,34028234663852885981170418348451692544.000,AOI22xp33_ASAP7_75t_L,82.260,5.473,4,-1,-1,737,-1,736,-1,746,-1,850,-1,855,-1,-1,-1
benchmarks/i10.aig,131,861,855,1,1,16,no-supers,0,0,615,20,2,?,5,0,-1,34028234663852885981170418348451692544.000,82.340,-34028234663852885981170418348451692544.000,34028234663852885981170418348451692544.000,AOI22xp33_ASAP7_75t_L,82.260,5.473,-1,-1,-1,2,-1,627,-1,799,-1,809,-1,854,-1,-1,-1
benchmarks/i10.aig,132,861,855,1,1,17,no-supers,0,0,615,20,2,?,5,0,-1,34028234663852885981170418348451692544.000,82.340,-34028234663852885981170418348451692544.000,34028234663852885981170418348451692544.000,AOI22xp33_ASAP7_75t_L,82.260,5.473,4,-1,-1,734,-1,735,-1,746,-1,850,-1,855,-1,-1,-1
benchmarks/i10.aig,133,861,855,1,1,18,no-supers,0,0,615,20,2,?,5,0,-1,34028234663852885981170418348451692544.000,82.340,-34028234663852885981170418348451692544.000,34028234663852885981170418348451692544.000,AOI22xp33_ASAP7_75t_L,82.260,5.473,4,-1,-1,2,-1,624,-1,626,-1,799,-1,855,-1,-1,-1
benchmarks/i10.aig,134,861,855,1,1,19,no-supers,0,0,615,20,2,?,5,0,-1,34028234663852885981170418348451692544.000,82.340,-34028234663852885981170418348451692544.000,34028234663852885981170418348451692544.000,AOI22xp33_ASAP7_75t_L,82.260,5.473,-1,-1,-1,797,-1,798,-1,850,-1,809,-1,854,-1,-1,-1
benchmarks/i10.aig,135,861,855,1,1,20,no-supers,0,0,615,20,2,?,5,0,-1,34028234663852885981170418348451692544.000,82.340,-34028234663852885981170418348451692544.000,34028234663852885981170418348451692544.000,AOI22xp33_ASAP7_75t_L,82.260,5.473,4,-1,-1,2,-1,627,-1,797,-1,798,-1,855,-1,-1,-1
benchmarks/i10.aig,136,861,855,1,1,21,no-supers,0,0,615,20,2,?,5,0,-1,34028234663852885981170418348451692544.000,82.340,-34028234663852885981170418348451692544.000,34028234663852885981170418348451692544.000,AOI22xp33_ASAP7_75t_L,82.260,5.473,4,-1,-1,2,-1,627,-1,751,-1,795,-1,855,-1,-1,-1
benchmarks/i10.aig,137,861,855,1,1,22,no-supers,0,0,615,20,2,?,5,0,-1,34028234663852885981170418348451692544.000,82.340,-34028234663852885981170418348451692544.000,34028234663852885981170418348451692544.000,AOI22xp33_ASAP7_75t_L,82.260,5.473,4,-1,-1,2,-1,627,-1,746,-1,749,-1,855,-1,-1,-1
benchmarks/i10.aig,138,861,855,1,1,23,no-supers,0,0,615,20,2,?,5,0,-1,34028234663852885981170418348451692544.000,82.340,-34028234663852885981170418348451692544.000,34028234663852885981170418348451692544.000,AOI22xp33_ASAP7_75t_L,82.260,5.473,-1,-1,-1,751,-1,795,-1,850,-1,809,-1,854,-1,-1,-1
benchmarks/i10.aig,139,861,855,1,1,24,no-supers,0,0,615,20,2,?,5,0,-1,34028234663852885981170418348451692544.000,82.340,-34028234663852885981170418348451692544.000,34028234663852885981170418348451692544.000,AOI22xp33_ASAP7_75t_L,82.260,5.473,-1,-1,-1,746,-1,749,-1,850,-1,809,-1,854,-1,-1,-1
benchmarks/i10.aig,140,861,855,1,1,25,no-supers,0,0,615,20,2,?,5,0,-1,34028234663852885981170418348451692544.000,82.340,-34028234663852885981170418348451692544.000,34028234663852885981170418348451692544.000,AOI22xp33_ASAP7_75t_L,82.260,5.473,-1,-1,-1,736,-1,739,-1,745,-1,795,-1,856,-1,-1,-1
benchmarks/i10.aig,141,861,855,1,1,26,no-supers,0,0,615,20,2,?,5,0,-1,34028234663852885981170418348451692544.000,82.340,-34028234663852885981170418348451692544.000,34028234663852885981170418348451692544.000,AOI22xp33_ASAP7_75t_L,82.260,5.473,-1,-1,-1,734,-1,735,-1,739,-1,745,-1,856,-1,-1,-1
benchmarks/i10.aig,142,861,855,1,1,27,no-supers,0,0,615,20,2,?,5,0,-1,34028234663852885981170418348451692544.000,82.340,-34028234663852885981170418348451692544.000,34028234663852885981170418348451692544.000,AOI22xp33_ASAP7_75t_L,82.260,5.473,-1,-1,-1,729,-1,730,-1,735,-1,746,-1,856,-1,-1,-1
benchmarks/i10.aig,143,861,855,1,1,28,no-supers,0,0,615,20,2,?,5,0,-1,34028234663852885981170418348451692544.000,82.340,-34028234663852885981170418348451692544.000,34028234663852885981170418348451692544.000,AOI22xp33_ASAP7_75t_L,82.260,5.473,-1,-1,-1,710,-1,738,-1,745,-1,749,-1,856,-1,-1,-1
benchmarks/i10.aig,144,861,855,1,1,29,no-supers,0,0,615,20,2,?,5,0,-1,34028234663852885981170418348451692544.000,82.340,-34028234663852885981170418348451692544.000,34028234663852885981170418348451692544.000,AOI22xp33_ASAP7_75t_L,82.260,5.473,-1,-1,-1,699,-1,709,-1,745,-1,749,-1,856,-1,-1,-1
benchmarks/i10.aig,145,861,855,1,1,30,no-supers,0,0,615,20,2,?,5,0,-1,34028234663852885981170418348451692544.000,82.340,-34028234663852885981170418348451692544.000,34028234663852885981170418348451692544.000,AOI22xp33_ASAP7_75t_L,82.260,5.473,-1,-1,-1,732,-1,733,-1,735,-1,746,-1,856,-1,-1,-1
benchmarks/i10.aig,146,861,855,1,1,31,no-supers,0,0,615,20,2,?,5,0,-1,34028234663852885981170418348451692544.000,82.340,-34028234663852885981170418348451692544.000,34028234663852885981170418348451692544.000,AOI22xp33_ASAP7_75t_L,82.260,5.473,-1,-1,-1,84,-1,208,-1,734,-1,746,-1,856,-1,-1,-1
benchmarks/i10.aig,147,861,855,1,1,32,no-supers,0,0,615,20,2,?,5,0,-1,34028234663852885981170418348451692544.000,82.340,-34028234663852885981170418348451692544.000,34028234663852885981170418348451692544.000,AOI22xp33_ASAP7_75t_L,82.260,5.473,-1,-1,-1,737,-1,736,-1,739,-1,745,-1,856,-1,-1,-1
benchmarks/i10.aig,148,861,855,1,1,33,no-supers,0,0,615,20,2,?,5,0,-1,34028234663852885981170418348451692544.000,82.340,-34028234663852885981170418348451692544.000,34028234663852885981170418348451692544.000,AOI22xp33_ASAP7_75t_L,82.260,5.473,-1,-1,-1,710,-1,727,-1,735,-1,746,-1,856,-1,-1,-1
benchmarks/i10.aig,149,861,855,1,1,34,no-supers,0,0,615,20,2,?,5,0,-1,34028234663852885981170418348451692544.000,82.340,-34028234663852885981170418348451692544.000,34028234663852885981170418348451692544.000,AOI22xp33_ASAP7_75t_L,82.260,5.473,-1,-1,-1,739,-1,743,-1,744,-1,749,-1,856,-1,-1,-1
benchmarks/i10.aig,150,861,855,1,1,35,no-supers,0,0,615,20,2,?,5,0,-1,34028234663852885981170418348451692544.000,82.340,-34028234663852885981170418348451692544.000,34028234663852885981170418348451692544.000,AOI22xp33_ASAP7_75t_L,82.260,5.473,4,-1,-1,739,-1,745,-1,749,-1,850,-1,855,-1,-1,-1
benchmarks/i10.aig,151,861,855,1,1,36,no-supers,0,0,615,20,2,?,5,0,-1,34028234663852885981170418348451692544.000,82.340,-34028234663852885981170418348451692544.000,34028234663852885981170418348451692544.000,AOI22xp33_ASAP7_75t_L,82.260,5.473,-1,-1,-1,649,-1,799,-1,850,-1,809,-1,853,-1,-1,-1
benchmarks/i10.aig,152,861,855,1,1,37,no-supers,0,0,615,20,2,?,5,0,-1,34028234663852885981170418348451692544.000,82.340,-34028234663852885981170418348451692544.000,34028234663852885981170418348451692544.000,AOI22xp33_ASAP7_75t_L,82.260,5.473,4,-1,-1,736,-1,746,-1,795,-1,850,-1,855,-1,-1,-1
benchmarks/i10.aig,153,861,855,2,0,0,violates-required,0,0,615,20,2,NAND2xp33_ASAP7_75t_L,2,2,5,85.730,81.560,-4.170,0.930,OAI22xp33_ASAP7_75t_L,81.550,1.400,-1,-1,-1,799,1,856,0,-1,-1,-1,-1,-1,-1,-1,-1
benchmarks/i10.aig,154,861,855,2,0,1,no-supers,0,0,615,20,2,?,3,0,-1,34028234663852885981170418348451692544.000,81.560,-34028234663852885981170418348451692544.000,34028234663852885981170418348451692544.000,OAI22xp33_ASAP7_75t_L,81.550,1.400,-1,-1,-1,746,-1,749,-1,856,-1,-1,-1,-1,-1,-1,-1
benchmarks/i10.aig,155,861,855,2,0,2,no-super-best,0,0,615,20,2,?,3,0,-1,34028234663852885981170418348451692544.000,81.560,-34028234663852885981170418348451692544.000,34028234663852885981170418348451692544.000,OAI22xp33_ASAP7_75t_L,81.550,1.400,2,-1,-1,799,-1,850,-1,855,-1,-1,-1,-1,-1,-1,-1
benchmarks/i10.aig,156,861,855,2,0,3,violates-required,0,0,615,20,2,NAND3xp33_ASAP7_75t_L,3,7,2,86.300,81.560,-4.740,1.170,OAI22xp33_ASAP7_75t_L,81.550,1.400,-1,-1,-1,797,0,798,0,856,0,-1,-1,-1,-1,-1,-1
benchmarks/i10.aig,157,861,855,2,0,4,violates-required,0,0,615,20,2,OAI21xp33_ASAP7_75t_L,3,4,2,85.600,81.560,-4.040,1.170,OAI22xp33_ASAP7_75t_L,81.550,1.400,-1,-1,-1,751,1,795,1,856,0,-1,-1,-1,-1,-1,-1
benchmarks/i10.aig,158,861,855,2,0,5,no-supers,0,0,615,20,2,?,4,0,-1,34028234663852885981170418348451692544.000,81.560,-34028234663852885981170418348451692544.000,34028234663852885981170418348451692544.000,OAI22xp33_ASAP7_75t_L,81.550,1.400,-1,-1,-1,737,-1,736,-1,746,-1,856,-1,-1,-1,-1,-1
benchmarks/i10.aig,159,861,855,2,0,6,no-supers,0,0,615,20,2,?,4,0,-1,34028234663852885981170418348451692544.000,81.560,-34028234663852885981170418348451692544.000,34028234663852885981170418348451692544.000,OAI22xp33_ASAP7_75t_L,81.550,1.400,-1,-1,-1,734,-1,735,-1,746,-1,856,-1,-1,-1,-1,-1
benchmarks/i10.aig,160,861,855,2,0,7,violates-required,0,0,615,20,2,OAI211xp5_ASAP7_75t_L,4,3,1,82.580,81.560,-1.020,1.400,OAI22xp33_ASAP7_75t_L,81.550,1.400,3,1,0,797,0,798,0,850,1,855,1,-1,-1,-1,-1
benchmarks/i10.aig,161,861,855,2,0,8,no-super-best,0,0,615,20,2,?,4,0,-1,34028234663852885981170418348451692544.000,81.560,-34028234663852885981170418348451692544.000,34028234663852885981170418348451692544.000,OAI22xp33_ASAP7_75t_L,81.550,1.400,3,-1,-1,2,-1,627,-1,799,-1,855,-1,-1,-1,-1,-1
benchmarks/i10.aig,162,861,855,2,0,9,no-supers,0,0,615,20,2,?,4,0,-1,34028234663852885981170418348451692544.000,81.560,-34028234663852885981170418348451692544.000,34028234663852885981170418348451692544.000,OAI22xp33_ASAP7_75t_L,81.550,1.400,-1,-1,-1,739,-1,745,-1,749,-1,856,-1,-1,-1,-1,-1
benchmarks/i10.aig,163,861,855,2,0,10,no-super-best,0,0,615,20,2,?,4,0,-1,34028234663852885981170418348451692544.000,81.560,-34028234663852885981170418348451692544.000,34028234663852885981170418348451692544.000,OAI22xp33_ASAP7_75t_L,81.550,1.400,-1,-1,-1,799,-1,850,-1,809,-1,854,-1,-1,-1,-1,-1
benchmarks/i10.aig,164,861,855,2,0,11,no-supers,0,0,615,20,2,?,4,0,-1,34028234663852885981170418348451692544.000,81.560,-34028234663852885981170418348451692544.000,34028234663852885981170418348451692544.000,OAI22xp33_ASAP7_75t_L,81.550,1.400,3,-1,-1,746,-1,749,-1,850,-1,855,-1,-1,-1,-1,-1
benchmarks/i10.aig,165,861,855,2,0,12,nonselected,1,0,615,20,2,OAI22xp33_ASAP7_75t_L,4,0,1,81.550,81.560,0.010,1.400,OAI22xp33_ASAP7_75t_L,81.550,1.400,3,1,0,751,1,795,1,850,1,855,1,-1,-1,-1,-1
benchmarks/i10.aig,166,861,855,2,0,13,no-super-best,0,0,615,20,2,?,4,0,-1,34028234663852885981170418348451692544.000,81.560,-34028234663852885981170418348451692544.000,34028234663852885981170418348451692544.000,OAI22xp33_ASAP7_75t_L,81.550,1.400,-1,-1,-1,736,-1,746,-1,795,-1,856,-1,-1,-1,-1,-1
benchmarks/i10.aig,167,861,855,2,0,14,no-supers,0,0,615,20,2,?,5,0,-1,34028234663852885981170418348451692544.000,81.560,-34028234663852885981170418348451692544.000,34028234663852885981170418348451692544.000,OAI22xp33_ASAP7_75t_L,81.550,1.400,-1,-1,-1,624,-1,629,-1,799,-1,850,-1,854,-1,-1,-1
benchmarks/i10.aig,168,861,855,2,0,15,no-supers,0,0,615,20,2,?,5,0,-1,34028234663852885981170418348451692544.000,81.560,-34028234663852885981170418348451692544.000,34028234663852885981170418348451692544.000,OAI22xp33_ASAP7_75t_L,81.550,1.400,4,-1,-1,737,-1,736,-1,746,-1,850,-1,855,-1,-1,-1
benchmarks/i10.aig,169,861,855,2,0,16,no-supers,0,0,615,20,2,?,5,0,-1,34028234663852885981170418348451692544.000,81.560,-34028234663852885981170418348451692544.000,34028234663852885981170418348451692544.000,OAI22xp33_ASAP7_75t_L,81.550,1.400,-1,-1,-1,2,-1,627,-1,799,-1,809,-1,854,-1,-1,-1
benchmarks/i10.aig,170,861,855,2,0,17,no-supers,0,0,615,20,2,?,5,0,-1,34028234663852885981170418348451692544.000,81.560,-34028234663852885981170418348451692544.000,34028234663852885981170418348451692544.000,OAI22xp33_ASAP7_75t_L,81.550,1.400,4,-1,-1,734,-1,735,-1,746,-1,850,-1,855,-1,-1,-1
benchmarks/i10.aig,171,861,855,2,0,18,no-supers,0,0,615,20,2,?,5,0,-1,34028234663852885981170418348451692544.000,81.560,-34028234663852885981170418348451692544.000,34028234663852885981170418348451692544.000,OAI22xp33_ASAP7_75t_L,81.550,1.400,4,-1,-1,2,-1,624,-1,626,-1,799,-1,855,-1,-1,-1
benchmarks/i10.aig,172,861,855,2,0,19,no-supers,0,0,615,20,2,?,5,0,-1,34028234663852885981170418348451692544.000,81.560,-34028234663852885981170418348451692544.000,34028234663852885981170418348451692544.000,OAI22xp33_ASAP7_75t_L,81.550,1.400,-1,-1,-1,797,-1,798,-1,850,-1,809,-1,854,-1,-1,-1
benchmarks/i10.aig,173,861,855,2,0,20,no-supers,0,0,615,20,2,?,5,0,-1,34028234663852885981170418348451692544.000,81.560,-34028234663852885981170418348451692544.000,34028234663852885981170418348451692544.000,OAI22xp33_ASAP7_75t_L,81.550,1.400,4,-1,-1,2,-1,627,-1,797,-1,798,-1,855,-1,-1,-1
benchmarks/i10.aig,174,861,855,2,0,21,no-supers,0,0,615,20,2,?,5,0,-1,34028234663852885981170418348451692544.000,81.560,-34028234663852885981170418348451692544.000,34028234663852885981170418348451692544.000,OAI22xp33_ASAP7_75t_L,81.550,1.400,4,-1,-1,2,-1,627,-1,751,-1,795,-1,855,-1,-1,-1
benchmarks/i10.aig,175,861,855,2,0,22,no-supers,0,0,615,20,2,?,5,0,-1,34028234663852885981170418348451692544.000,81.560,-34028234663852885981170418348451692544.000,34028234663852885981170418348451692544.000,OAI22xp33_ASAP7_75t_L,81.550,1.400,4,-1,-1,2,-1,627,-1,746,-1,749,-1,855,-1,-1,-1
benchmarks/i10.aig,176,861,855,2,0,23,no-supers,0,0,615,20,2,?,5,0,-1,34028234663852885981170418348451692544.000,81.560,-34028234663852885981170418348451692544.000,34028234663852885981170418348451692544.000,OAI22xp33_ASAP7_75t_L,81.550,1.400,-1,-1,-1,751,-1,795,-1,850,-1,809,-1,854,-1,-1,-1
benchmarks/i10.aig,177,861,855,2,0,24,no-supers,0,0,615,20,2,?,5,0,-1,34028234663852885981170418348451692544.000,81.560,-34028234663852885981170418348451692544.000,34028234663852885981170418348451692544.000,OAI22xp33_ASAP7_75t_L,81.550,1.400,-1,-1,-1,746,-1,749,-1,850,-1,809,-1,854,-1,-1,-1
benchmarks/i10.aig,178,861,855,2,0,25,no-supers,0,0,615,20,2,?,5,0,-1,34028234663852885981170418348451692544.000,81.560,-34028234663852885981170418348451692544.000,34028234663852885981170418348451692544.000,OAI22xp33_ASAP7_75t_L,81.550,1.400,-1,-1,-1,736,-1,739,-1,745,-1,795,-1,856,-1,-1,-1
benchmarks/i10.aig,179,861,855,2,0,26,no-supers,0,0,615,20,2,?,5,0,-1,34028234663852885981170418348451692544.000,81.560,-34028234663852885981170418348451692544.000,34028234663852885981170418348451692544.000,OAI22xp33_ASAP7_75t_L,81.550,1.400,-1,-1,-1,734,-1,735,-1,739,-1,745,-1,856,-1,-1,-1
benchmarks/i10.aig,180,861,855,2,0,27,no-supers,0,0,615,20,2,?,5,0,-1,34028234663852885981170418348451692544.000,81.560,-34028234663852885981170418348451692544.000,34028234663852885981170418348451692544.000,OAI22xp33_ASAP7_75t_L,81.550,1.400,-1,-1,-1,729,-1,730,-1,735,-1,746,-1,856,-1,-1,-1
benchmarks/i10.aig,181,861,855,2,0,28,no-supers,0,0,615,20,2,?,5,0,-1,34028234663852885981170418348451692544.000,81.560,-34028234663852885981170418348451692544.000,34028234663852885981170418348451692544.000,OAI22xp33_ASAP7_75t_L,81.550,1.400,-1,-1,-1,710,-1,738,-1,745,-1,749,-1,856,-1,-1,-1
benchmarks/i10.aig,182,861,855,2,0,29,no-supers,0,0,615,20,2,?,5,0,-1,34028234663852885981170418348451692544.000,81.560,-34028234663852885981170418348451692544.000,34028234663852885981170418348451692544.000,OAI22xp33_ASAP7_75t_L,81.550,1.400,-1,-1,-1,699,-1,709,-1,745,-1,749,-1,856,-1,-1,-1
benchmarks/i10.aig,183,861,855,2,0,30,no-supers,0,0,615,20,2,?,5,0,-1,34028234663852885981170418348451692544.000,81.560,-34028234663852885981170418348451692544.000,34028234663852885981170418348451692544.000,OAI22xp33_ASAP7_75t_L,81.550,1.400,-1,-1,-1,732,-1,733,-1,735,-1,746,-1,856,-1,-1,-1
benchmarks/i10.aig,184,861,855,2,0,31,no-supers,0,0,615,20,2,?,5,0,-1,34028234663852885981170418348451692544.000,81.560,-34028234663852885981170418348451692544.000,34028234663852885981170418348451692544.000,OAI22xp33_ASAP7_75t_L,81.550,1.400,-1,-1,-1,84,-1,208,-1,734,-1,746,-1,856,-1,-1,-1
benchmarks/i10.aig,185,861,855,2,0,32,no-supers,0,0,615,20,2,?,5,0,-1,34028234663852885981170418348451692544.000,81.560,-34028234663852885981170418348451692544.000,34028234663852885981170418348451692544.000,OAI22xp33_ASAP7_75t_L,81.550,1.400,-1,-1,-1,737,-1,736,-1,739,-1,745,-1,856,-1,-1,-1
benchmarks/i10.aig,186,861,855,2,0,33,no-supers,0,0,615,20,2,?,5,0,-1,34028234663852885981170418348451692544.000,81.560,-34028234663852885981170418348451692544.000,34028234663852885981170418348451692544.000,OAI22xp33_ASAP7_75t_L,81.550,1.400,-1,-1,-1,710,-1,727,-1,735,-1,746,-1,856,-1,-1,-1
benchmarks/i10.aig,187,861,855,2,0,34,no-supers,0,0,615,20,2,?,5,0,-1,34028234663852885981170418348451692544.000,81.560,-34028234663852885981170418348451692544.000,34028234663852885981170418348451692544.000,OAI22xp33_ASAP7_75t_L,81.550,1.400,-1,-1,-1,739,-1,743,-1,744,-1,749,-1,856,-1,-1,-1
benchmarks/i10.aig,188,861,855,2,0,35,no-supers,0,0,615,20,2,?,5,0,-1,34028234663852885981170418348451692544.000,81.560,-34028234663852885981170418348451692544.000,34028234663852885981170418348451692544.000,OAI22xp33_ASAP7_75t_L,81.550,1.400,4,-1,-1,739,-1,745,-1,749,-1,850,-1,855,-1,-1,-1
benchmarks/i10.aig,189,861,855,2,0,36,no-supers,0,0,615,20,2,?,5,0,-1,34028234663852885981170418348451692544.000,81.560,-34028234663852885981170418348451692544.000,34028234663852885981170418348451692544.000,OAI22xp33_ASAP7_75t_L,81.550,1.400,-1,-1,-1,649,-1,799,-1,850,-1,809,-1,853,-1,-1,-1
benchmarks/i10.aig,190,861,855,2,0,37,no-supers,0,0,615,20,2,?,5,0,-1,34028234663852885981170418348451692544.000,81.560,-34028234663852885981170418348451692544.000,34028234663852885981170418348451692544.000,OAI22xp33_ASAP7_75t_L,81.550,1.400,4,-1,-1,736,-1,746,-1,795,-1,850,-1,855,-1,-1,-1
benchmarks/i10.aig,191,861,855,2,1,0,violates-required,0,0,615,20,2,NOR2xp33_ASAP7_75t_L,2,1,5,87.150,82.340,-4.810,0.930,AOI22xp33_ASAP7_75t_L,82.290,1.400,-1,-1,-1,799,0,856,1,-1,-1,-1,-1,-1,-1,-1,-1
benchmarks/i10.aig,192,861,855,2,1,1,no-supers,0,0,615,20,2,?,3,0,-1,34028234663852885981170418348451692544.000,82.340,-34028234663852885981170418348451692544.000,34028234663852885981170418348451692544.000,AOI22xp33_ASAP7_75t_L,82.290,1.400,-1,-1,-1,746,-1,749,-1,856,-1,-1,-1,-1,-1,-1,-1
benchmarks/i10.aig,193,861,855,2,1,2,no-super-best,0,0,615,20,2,?,3,0,-1,34028234663852885981170418348451692544.000,82.340,-34028234663852885981170418348451692544.000,34028234663852885981170418348451692544.000,AOI22xp33_ASAP7_75t_L,82.290,1.400,2,-1,-1,799,-1,850,-1,855,-1,-1,-1,-1,-1,-1,-1
benchmarks/i10.aig,194,861,855,2,1,3,no-super-best,0,0,615,20,2,?,3,0,-1,34028234663852885981170418348451692544.000,82.340,-34028234663852885981170418348451692544.000,34028234663852885981170418348451692544.000,AOI22xp33_ASAP7_75t_L,82.290,1.400,-1,-1,-1,797,-1,798,-1,856,-1,-1,-1,-1,-1,-1,-1
benchmarks/i10.aig,195,861,855,2,1,4,violates-required,0,0,615,20,2,AOI21xp33_ASAP7_75t_L,3,3,2,87.360,82.340,-5.020,1.170,AOI22xp33_ASAP7_75t_L,82.290,1.400,-1,-1,-1,751,0,795,0,856,1,-1,-1,-1,-1,-1,-1
benchmarks/i10.aig,196,861,855,2,1,5,no-supers,0,0,615,20,2,?,4,0,-1,34028234663852885981170418348451692544.000,82.340,-34028234663852885981170418348451692544.000,34028234663852885981170418348451692544.000,AOI22xp33_ASAP7_75t_L,82.290,1.400,-1,-1,-1,737,-1,736,-1,746,-1,856,-1,-1,-1,-1,-1
benchmarks/i10.aig,197,861,855,2,1,6,no-supers,0,0,615,20,2,?,4,0,-1,34028234663852885981170418348451692544.000,82.340,-34028234663852885981170418348451692544.000,34028234663852885981170418348451692544.000,AOI22xp33_ASAP7_75t_L,82.290,1.400,-1,-1,-1,734,-1,735,-1,746,-1,856,-1,-1,-1,-1,-1
benchmarks/i10.aig,198,861,855,2,1,7,violates-required,0,0,615,20,2,AOI211xp5_ASAP7_75t_L,4,12,1,83.990,82.340,-1.650,1.400,AOI22xp33_ASAP7_75t_L,82.290,1.400,3,0,1,797,1,798,1,850,0,855,0,-1,-1,-1,-1
benchmarks/i10.aig,199,861,855,2,1,8,no-super-best,0,0,615,20,2,?,4,0,-1,34028234663852885981170418348451692544.000,82.340,-34028234663852885981170418348451692544.000,34028234663852885981170418348451692544.000,AOI22xp33_ASAP7_75t_L,82.290,1.400,3,-1,-1,2,-1,627,-1,799,-1,855,-1,-1,-1,-1,-1
benchmarks/i10.aig,200,861,855,2,1,9,no-supers,0,0,615,20,2,?,4,0,-1,34028234663852885981170418348451692544.000,82.340,-34028234663852885981170418348451692544.000,34028234663852885981170418348451692544.000,AOI22xp33_ASAP7_75t_L,82.290,1.400,-1,-1,-1,739,-1,745,-1,749,-1,856,-1,-1,-1,-1,-1
benchmarks/i10.aig,201,861,855,2,1,10,no-super-best,0,0,615,20,2,?,4,0,-1,34028234663852885981170418348451692544.000,82.340,-34028234663852885981170418348451692544.000,34028234663852885981170418348451692544.000,AOI22xp33_ASAP7_75t_L,82.290,1.400,-1,-1,-1,799,-1,850,-1,809,-1,854,-1,-1,-1,-1,-1
benchmarks/i10.aig,202,861,855,2,1,11,no-supers,0,0,615,20,2,?,4,0,-1,34028234663852885981170418348451692544.000,82.340,-34028234663852885981170418348451692544.000,34028234663852885981170418348451692544.000,AOI22xp33_ASAP7_75t_L,82.290,1.400,3,-1,-1,746,-1,749,-1,850,-1,855,-1,-1,-1,-1,-1
benchmarks/i10.aig,203,861,855,2,1,12,nonselected,1,0,615,20,2,AOI22xp33_ASAP7_75t_L,4,15,1,82.290,82.340,0.050,1.400,AOI22xp33_ASAP7_75t_L,82.290,1.400,3,0,1,751,0,795,0,850,0,855,0,-1,-1,-1,-1
benchmarks/i10.aig,204,861,855,2,1,13,no-super-best,0,0,615,20,2,?,4,0,-1,34028234663852885981170418348451692544.000,82.340,-34028234663852885981170418348451692544.000,34028234663852885981170418348451692544.000,AOI22xp33_ASAP7_75t_L,82.290,1.400,-1,-1,-1,736,-1,746,-1,795,-1,856,-1,-1,-1,-1,-1
benchmarks/i10.aig,205,861,855,2,1,14,no-supers,0,0,615,20,2,?,5,0,-1,34028234663852885981170418348451692544.000,82.340,-34028234663852885981170418348451692544.000,34028234663852885981170418348451692544.000,AOI22xp33_ASAP7_75t_L,82.290,1.400,-1,-1,-1,624,-1,629,-1,799,-1,850,-1,854,-1,-1,-1
benchmarks/i10.aig,206,861,855,2,1,15,no-supers,0,0,615,20,2,?,5,0,-1,34028234663852885981170418348451692544.000,82.340,-34028234663852885981170418348451692544.000,34028234663852885981170418348451692544.000,AOI22xp33_ASAP7_75t_L,82.290,1.400,4,-1,-1,737,-1,736,-1,746,-1,850,-1,855,-1,-1,-1
benchmarks/i10.aig,207,861,855,2,1,16,no-supers,0,0,615,20,2,?,5,0,-1,34028234663852885981170418348451692544.000,82.340,-34028234663852885981170418348451692544.000,34028234663852885981170418348451692544.000,AOI22xp33_ASAP7_75t_L,82.290,1.400,-1,-1,-1,2,-1,627,-1,799,-1,809,-1,854,-1,-1,-1
benchmarks/i10.aig,208,861,855,2,1,17,no-supers,0,0,615,20,2,?,5,0,-1,34028234663852885981170418348451692544.000,82.340,-34028234663852885981170418348451692544.000,34028234663852885981170418348451692544.000,AOI22xp33_ASAP7_75t_L,82.290,1.400,4,-1,-1,734,-1,735,-1,746,-1,850,-1,855,-1,-1,-1
benchmarks/i10.aig,209,861,855,2,1,18,no-supers,0,0,615,20,2,?,5,0,-1,34028234663852885981170418348451692544.000,82.340,-34028234663852885981170418348451692544.000,34028234663852885981170418348451692544.000,AOI22xp33_ASAP7_75t_L,82.290,1.400,4,-1,-1,2,-1,624,-1,626,-1,799,-1,855,-1,-1,-1
benchmarks/i10.aig,210,861,855,2,1,19,no-supers,0,0,615,20,2,?,5,0,-1,34028234663852885981170418348451692544.000,82.340,-34028234663852885981170418348451692544.000,34028234663852885981170418348451692544.000,AOI22xp33_ASAP7_75t_L,82.290,1.400,-1,-1,-1,797,-1,798,-1,850,-1,809,-1,854,-1,-1,-1
benchmarks/i10.aig,211,861,855,2,1,20,no-supers,0,0,615,20,2,?,5,0,-1,34028234663852885981170418348451692544.000,82.340,-34028234663852885981170418348451692544.000,34028234663852885981170418348451692544.000,AOI22xp33_ASAP7_75t_L,82.290,1.400,4,-1,-1,2,-1,627,-1,797,-1,798,-1,855,-1,-1,-1
benchmarks/i10.aig,212,861,855,2,1,21,no-supers,0,0,615,20,2,?,5,0,-1,34028234663852885981170418348451692544.000,82.340,-34028234663852885981170418348451692544.000,34028234663852885981170418348451692544.000,AOI22xp33_ASAP7_75t_L,82.290,1.400,4,-1,-1,2,-1,627,-1,751,-1,795,-1,855,-1,-1,-1
benchmarks/i10.aig,213,861,855,2,1,22,no-supers,0,0,615,20,2,?,5,0,-1,34028234663852885981170418348451692544.000,82.340,-34028234663852885981170418348451692544.000,34028234663852885981170418348451692544.000,AOI22xp33_ASAP7_75t_L,82.290,1.400,4,-1,-1,2,-1,627,-1,746,-1,749,-1,855,-1,-1,-1
benchmarks/i10.aig,214,861,855,2,1,23,no-supers,0,0,615,20,2,?,5,0,-1,34028234663852885981170418348451692544.000,82.340,-34028234663852885981170418348451692544.000,34028234663852885981170418348451692544.000,AOI22xp33_ASAP7_75t_L,82.290,1.400,-1,-1,-1,751,-1,795,-1,850,-1,809,-1,854,-1,-1,-1
benchmarks/i10.aig,215,861,855,2,1,24,no-supers,0,0,615,20,2,?,5,0,-1,34028234663852885981170418348451692544.000,82.340,-34028234663852885981170418348451692544.000,34028234663852885981170418348451692544.000,AOI22xp33_ASAP7_75t_L,82.290,1.400,-1,-1,-1,746,-1,749,-1,850,-1,809,-1,854,-1,-1,-1
benchmarks/i10.aig,216,861,855,2,1,25,no-supers,0,0,615,20,2,?,5,0,-1,34028234663852885981170418348451692544.000,82.340,-34028234663852885981170418348451692544.000,34028234663852885981170418348451692544.000,AOI22xp33_ASAP7_75t_L,82.290,1.400,-1,-1,-1,736,-1,739,-1,745,-1,795,-1,856,-1,-1,-1
benchmarks/i10.aig,217,861,855,2,1,26,no-supers,0,0,615,20,2,?,5,0,-1,34028234663852885981170418348451692544.000,82.340,-34028234663852885981170418348451692544.000,34028234663852885981170418348451692544.000,AOI22xp33_ASAP7_75t_L,82.290,1.400,-1,-1,-1,734,-1,735,-1,739,-1,745,-1,856,-1,-1,-1
benchmarks/i10.aig,218,861,855,2,1,27,no-supers,0,0,615,20,2,?,5,0,-1,34028234663852885981170418348451692544.000,82.340,-34028234663852885981170418348451692544.000,34028234663852885981170418348451692544.000,AOI22xp33_ASAP7_75t_L,82.290,1.400,-1,-1,-1,729,-1,730,-1,735,-1,746,-1,856,-1,-1,-1
benchmarks/i10.aig,219,861,855,2,1,28,no-supers,0,0,615,20,2,?,5,0,-1,34028234663852885981170418348451692544.000,82.340,-34028234663852885981170418348451692544.000,34028234663852885981170418348451692544.000,AOI22xp33_ASAP7_75t_L,82.290,1.400,-1,-1,-1,710,-1,738,-1,745,-1,749,-1,856,-1,-1,-1
benchmarks/i10.aig,220,861,855,2,1,29,no-supers,0,0,615,20,2,?,5,0,-1,34028234663852885981170418348451692544.000,82.340,-34028234663852885981170418348451692544.000,34028234663852885981170418348451692544.000,AOI22xp33_ASAP7_75t_L,82.290,1.400,-1,-1,-1,699,-1,709,-1,745,-1,749,-1,856,-1,-1,-1
benchmarks/i10.aig,221,861,855,2,1,30,no-supers,0,0,615,20,2,?,5,0,-1,34028234663852885981170418348451692544.000,82.340,-34028234663852885981170418348451692544.000,34028234663852885981170418348451692544.000,AOI22xp33_ASAP7_75t_L,82.290,1.400,-1,-1,-1,732,-1,733,-1,735,-1,746,-1,856,-1,-1,-1
benchmarks/i10.aig,222,861,855,2,1,31,no-supers,0,0,615,20,2,?,5,0,-1,34028234663852885981170418348451692544.000,82.340,-34028234663852885981170418348451692544.000,34028234663852885981170418348451692544.000,AOI22xp33_ASAP7_75t_L,82.290,1.400,-1,-1,-1,84,-1,208,-1,734,-1,746,-1,856,-1,-1,-1
benchmarks/i10.aig,223,861,855,2,1,32,no-supers,0,0,615,20,2,?,5,0,-1,34028234663852885981170418348451692544.000,82.340,-34028234663852885981170418348451692544.000,34028234663852885981170418348451692544.000,AOI22xp33_ASAP7_75t_L,82.290,1.400,-1,-1,-1,737,-1,736,-1,739,-1,745,-1,856,-1,-1,-1
benchmarks/i10.aig,224,861,855,2,1,33,no-supers,0,0,615,20,2,?,5,0,-1,34028234663852885981170418348451692544.000,82.340,-34028234663852885981170418348451692544.000,34028234663852885981170418348451692544.000,AOI22xp33_ASAP7_75t_L,82.290,1.400,-1,-1,-1,710,-1,727,-1,735,-1,746,-1,856,-1,-1,-1
benchmarks/i10.aig,225,861,855,2,1,34,no-supers,0,0,615,20,2,?,5,0,-1,34028234663852885981170418348451692544.000,82.340,-34028234663852885981170418348451692544.000,34028234663852885981170418348451692544.000,AOI22xp33_ASAP7_75t_L,82.290,1.400,-1,-1,-1,739,-1,743,-1,744,-1,749,-1,856,-1,-1,-1
benchmarks/i10.aig,226,861,855,2,1,35,no-supers,0,0,615,20,2,?,5,0,-1,34028234663852885981170418348451692544.000,82.340,-34028234663852885981170418348451692544.000,34028234663852885981170418348451692544.000,AOI22xp33_ASAP7_75t_L,82.290,1.400,4,-1,-1,739,-1,745,-1,749,-1,850,-1,855,-1,-1,-1
benchmarks/i10.aig,227,861,855,2,1,36,no-supers,0,0,615,20,2,?,5,0,-1,34028234663852885981170418348451692544.000,82.340,-34028234663852885981170418348451692544.000,34028234663852885981170418348451692544.000,AOI22xp33_ASAP7_75t_L,82.290,1.400,-1,-1,-1,649,-1,799,-1,850,-1,809,-1,853,-1,-1,-1
benchmarks/i10.aig,228,861,855,2,1,37,no-supers,0,0,615,20,2,?,5,0,-1,34028234663852885981170418348451692544.000,82.340,-34028234663852885981170418348451692544.000,34028234663852885981170418348451692544.000,AOI22xp33_ASAP7_75t_L,82.290,1.400,4,-1,-1,736,-1,746,-1,795,-1,850,-1,855,-1,-1,-1
benchmarks/i10.aig,229,861,855,3,0,0,violates-required,0,0,615,20,2,NAND2xp33_ASAP7_75t_L,2,2,5,85.730,81.560,-4.170,1.860,OAI22xp33_ASAP7_75t_L,81.550,1.400,-1,-1,-1,799,1,856,0,-1,-1,-1,-1,-1,-1,-1,-1
benchmarks/i10.aig,230,861,855,3,0,1,no-supers,0,0,615,20,2,?,3,0,-1,34028234663852885981170418348451692544.000,81.560,-34028234663852885981170418348451692544.000,34028234663852885981170418348451692544.000,OAI22xp33_ASAP7_75t_L,81.550,1.400,-1,-1,-1,746,-1,749,-1,856,-1,-1,-1,-1,-1,-1,-1
benchmarks/i10.aig,231,861,855,3,0,2,no-super-best,0,0,615,20,2,?,3,0,-1,34028234663852885981170418348451692544.000,81.560,-34028234663852885981170418348451692544.000,34028234663852885981170418348451692544.000,OAI22xp33_ASAP7_75t_L,81.550,1.400,2,-1,-1,799,-1,850,-1,855,-1,-1,-1,-1,-1,-1,-1
benchmarks/i10.aig,232,861,855,3,0,3,violates-required,0,0,615,20,2,NAND3xp33_ASAP7_75t_L,3,7,2,86.300,81.560,-4.740,1.170,OAI22xp33_ASAP7_75t_L,81.550,1.400,-1,-1,-1,797,0,798,0,856,0,-1,-1,-1,-1,-1,-1
benchmarks/i10.aig,233,861,855,3,0,4,violates-required,0,0,615,20,2,OAI21xp33_ASAP7_75t_L,3,4,2,85.600,81.560,-4.040,1.170,OAI22xp33_ASAP7_75t_L,81.550,1.400,-1,-1,-1,751,1,795,1,856,0,-1,-1,-1,-1,-1,-1
benchmarks/i10.aig,234,861,855,3,0,5,no-supers,0,0,615,20,2,?,4,0,-1,34028234663852885981170418348451692544.000,81.560,-34028234663852885981170418348451692544.000,34028234663852885981170418348451692544.000,OAI22xp33_ASAP7_75t_L,81.550,1.400,-1,-1,-1,737,-1,736,-1,746,-1,856,-1,-1,-1,-1,-1
benchmarks/i10.aig,235,861,855,3,0,6,no-supers,0,0,615,20,2,?,4,0,-1,34028234663852885981170418348451692544.000,81.560,-34028234663852885981170418348451692544.000,34028234663852885981170418348451692544.000,OAI22xp33_ASAP7_75t_L,81.550,1.400,-1,-1,-1,734,-1,735,-1,746,-1,856,-1,-1,-1,-1,-1
benchmarks/i10.aig,236,861,855,3,0,7,violates-required,0,0,615,20,2,OAI211xp5_ASAP7_75t_L,4,3,1,82.580,81.560,-1.020,1.400,OAI22xp33_ASAP7_75t_L,81.550,1.400,3,1,0,797,0,798,0,850,1,855,1,-1,-1,-1,-1
benchmarks/i10.aig,237,861,855,3,0,8,no-super-best,0,0,615,20,2,?,4,0,-1,34028234663852885981170418348451692544.000,81.560,-34028234663852885981170418348451692544.000,34028234663852885981170418348451692544.000,OAI22xp33_ASAP7_75t_L,81.550,1.400,3,-1,-1,2,-1,627,-1,799,-1,855,-1,-1,-1,-1,-1
benchmarks/i10.aig,238,861,855,3,0,9,no-supers,0,0,615,20,2,?,4,0,-1,34028234663852885981170418348451692544.000,81.560,-34028234663852885981170418348451692544.000,34028234663852885981170418348451692544.000,OAI22xp33_ASAP7_75t_L,81.550,1.400,-1,-1,-1,739,-1,745,-1,749,-1,856,-1,-1,-1,-1,-1
benchmarks/i10.aig,239,861,855,3,0,10,no-super-best,0,0,615,20,2,?,4,0,-1,34028234663852885981170418348451692544.000,81.560,-34028234663852885981170418348451692544.000,34028234663852885981170418348451692544.000,OAI22xp33_ASAP7_75t_L,81.550,1.400,-1,-1,-1,799,-1,850,-1,809,-1,854,-1,-1,-1,-1,-1
benchmarks/i10.aig,240,861,855,3,0,11,no-supers,0,0,615,20,2,?,4,0,-1,34028234663852885981170418348451692544.000,81.560,-34028234663852885981170418348451692544.000,34028234663852885981170418348451692544.000,OAI22xp33_ASAP7_75t_L,81.550,1.400,3,-1,-1,746,-1,749,-1,850,-1,855,-1,-1,-1,-1,-1
benchmarks/i10.aig,241,861,855,3,0,12,nonselected,1,0,615,20,2,OAI22xp33_ASAP7_75t_L,4,0,1,81.550,81.560,0.010,1.400,OAI22xp33_ASAP7_75t_L,81.550,1.400,3,1,0,751,1,795,1,850,1,855,1,-1,-1,-1,-1
benchmarks/i10.aig,242,861,855,3,0,13,no-super-best,0,0,615,20,2,?,4,0,-1,34028234663852885981170418348451692544.000,81.560,-34028234663852885981170418348451692544.000,34028234663852885981170418348451692544.000,OAI22xp33_ASAP7_75t_L,81.550,1.400,-1,-1,-1,736,-1,746,-1,795,-1,856,-1,-1,-1,-1,-1
benchmarks/i10.aig,243,861,855,3,0,14,no-supers,0,0,615,20,2,?,5,0,-1,34028234663852885981170418348451692544.000,81.560,-34028234663852885981170418348451692544.000,34028234663852885981170418348451692544.000,OAI22xp33_ASAP7_75t_L,81.550,1.400,-1,-1,-1,624,-1,629,-1,799,-1,850,-1,854,-1,-1,-1
benchmarks/i10.aig,244,861,855,3,0,15,no-supers,0,0,615,20,2,?,5,0,-1,34028234663852885981170418348451692544.000,81.560,-34028234663852885981170418348451692544.000,34028234663852885981170418348451692544.000,OAI22xp33_ASAP7_75t_L,81.550,1.400,4,-1,-1,737,-1,736,-1,746,-1,850,-1,855,-1,-1,-1
benchmarks/i10.aig,245,861,855,3,0,16,no-supers,0,0,615,20,2,?,5,0,-1,34028234663852885981170418348451692544.000,81.560,-34028234663852885981170418348451692544.000,34028234663852885981170418348451692544.000,OAI22xp33_ASAP7_75t_L,81.550,1.400,-1,-1,-1,2,-1,627,-1,799,-1,809,-1,854,-1,-1,-1
benchmarks/i10.aig,246,861,855,3,0,17,no-supers,0,0,615,20,2,?,5,0,-1,34028234663852885981170418348451692544.000,81.560,-34028234663852885981170418348451692544.000,34028234663852885981170418348451692544.000,OAI22xp33_ASAP7_75t_L,81.550,1.400,4,-1,-1,734,-1,735,-1,746,-1,850,-1,855,-1,-1,-1
benchmarks/i10.aig,247,861,855,3,0,18,no-supers,0,0,615,20,2,?,5,0,-1,34028234663852885981170418348451692544.000,81.560,-34028234663852885981170418348451692544.000,34028234663852885981170418348451692544.000,OAI22xp33_ASAP7_75t_L,81.550,1.400,4,-1,-1,2,-1,624,-1,626,-1,799,-1,855,-1,-1,-1
benchmarks/i10.aig,248,861,855,3,0,19,no-supers,0,0,615,20,2,?,5,0,-1,34028234663852885981170418348451692544.000,81.560,-34028234663852885981170418348451692544.000,34028234663852885981170418348451692544.000,OAI22xp33_ASAP7_75t_L,81.550,1.400,-1,-1,-1,797,-1,798,-1,850,-1,809,-1,854,-1,-1,-1
benchmarks/i10.aig,249,861,855,3,0,20,no-supers,0,0,615,20,2,?,5,0,-1,34028234663852885981170418348451692544.000,81.560,-34028234663852885981170418348451692544.000,34028234663852885981170418348451692544.000,OAI22xp33_ASAP7_75t_L,81.550,1.400,4,-1,-1,2,-1,627,-1,797,-1,798,-1,855,-1,-1,-1
benchmarks/i10.aig,250,861,855,3,0,21,no-supers,0,0,615,20,2,?,5,0,-1,34028234663852885981170418348451692544.000,81.560,-34028234663852885981170418348451692544.000,34028234663852885981170418348451692544.000,OAI22xp33_ASAP7_75t_L,81.550,1.400,4,-1,-1,2,-1,627,-1,751,-1,795,-1,855,-1,-1,-1
benchmarks/i10.aig,251,861,855,3,0,22,no-supers,0,0,615,20,2,?,5,0,-1,34028234663852885981170418348451692544.000,81.560,-34028234663852885981170418348451692544.000,34028234663852885981170418348451692544.000,OAI22xp33_ASAP7_75t_L,81.550,1.400,4,-1,-1,2,-1,627,-1,746,-1,749,-1,855,-1,-1,-1
benchmarks/i10.aig,252,861,855,3,0,23,no-supers,0,0,615,20,2,?,5,0,-1,34028234663852885981170418348451692544.000,81.560,-34028234663852885981170418348451692544.000,34028234663852885981170418348451692544.000,OAI22xp33_ASAP7_75t_L,81.550,1.400,-1,-1,-1,751,-1,795,-1,850,-1,809,-1,854,-1,-1,-1
benchmarks/i10.aig,253,861,855,3,0,24,no-supers,0,0,615,20,2,?,5,0,-1,34028234663852885981170418348451692544.000,81.560,-34028234663852885981170418348451692544.000,34028234663852885981170418348451692544.000,OAI22xp33_ASAP7_75t_L,81.550,1.400,-1,-1,-1,746,-1,749,-1,850,-1,809,-1,854,-1,-1,-1
benchmarks/i10.aig,254,861,855,3,0,25,no-supers,0,0,615,20,2,?,5,0,-1,34028234663852885981170418348451692544.000,81.560,-34028234663852885981170418348451692544.000,34028234663852885981170418348451692544.000,OAI22xp33_ASAP7_75t_L,81.550,1.400,-1,-1,-1,736,-1,739,-1,745,-1,795,-1,856,-1,-1,-1
benchmarks/i10.aig,255,861,855,3,0,26,no-supers,0,0,615,20,2,?,5,0,-1,34028234663852885981170418348451692544.000,81.560,-34028234663852885981170418348451692544.000,34028234663852885981170418348451692544.000,OAI22xp33_ASAP7_75t_L,81.550,1.400,-1,-1,-1,734,-1,735,-1,739,-1,745,-1,856,-1,-1,-1
benchmarks/i10.aig,256,861,855,3,0,27,no-supers,0,0,615,20,2,?,5,0,-1,34028234663852885981170418348451692544.000,81.560,-34028234663852885981170418348451692544.000,34028234663852885981170418348451692544.000,OAI22xp33_ASAP7_75t_L,81.550,1.400,-1,-1,-1,729,-1,730,-1,735,-1,746,-1,856,-1,-1,-1
benchmarks/i10.aig,257,861,855,3,0,28,no-supers,0,0,615,20,2,?,5,0,-1,34028234663852885981170418348451692544.000,81.560,-34028234663852885981170418348451692544.000,34028234663852885981170418348451692544.000,OAI22xp33_ASAP7_75t_L,81.550,1.400,-1,-1,-1,710,-1,738,-1,745,-1,749,-1,856,-1,-1,-1
benchmarks/i10.aig,258,861,855,3,0,29,no-supers,0,0,615,20,2,?,5,0,-1,34028234663852885981170418348451692544.000,81.560,-34028234663852885981170418348451692544.000,34028234663852885981170418348451692544.000,OAI22xp33_ASAP7_75t_L,81.550,1.400,-1,-1,-1,699,-1,709,-1,745,-1,749,-1,856,-1,-1,-1
benchmarks/i10.aig,259,861,855,3,0,30,no-supers,0,0,615,20,2,?,5,0,-1,34028234663852885981170418348451692544.000,81.560,-34028234663852885981170418348451692544.000,34028234663852885981170418348451692544.000,OAI22xp33_ASAP7_75t_L,81.550,1.400,-1,-1,-1,732,-1,733,-1,735,-1,746,-1,856,-1,-1,-1
benchmarks/i10.aig,260,861,855,3,0,31,no-supers,0,0,615,20,2,?,5,0,-1,34028234663852885981170418348451692544.000,81.560,-34028234663852885981170418348451692544.000,34028234663852885981170418348451692544.000,OAI22xp33_ASAP7_75t_L,81.550,1.400,-1,-1,-1,84,-1,208,-1,734,-1,746,-1,856,-1,-1,-1
benchmarks/i10.aig,261,861,855,3,0,32,no-supers,0,0,615,20,2,?,5,0,-1,34028234663852885981170418348451692544.000,81.560,-34028234663852885981170418348451692544.000,34028234663852885981170418348451692544.000,OAI22xp33_ASAP7_75t_L,81.550,1.400,-1,-1,-1,737,-1,736,-1,739,-1,745,-1,856,-1,-1,-1
benchmarks/i10.aig,262,861,855,3,0,33,no-supers,0,0,615,20,2,?,5,0,-1,34028234663852885981170418348451692544.000,81.560,-34028234663852885981170418348451692544.000,34028234663852885981170418348451692544.000,OAI22xp33_ASAP7_75t_L,81.550,1.400,-1,-1,-1,710,-1,727,-1,735,-1,746,-1,856,-1,-1,-1
benchmarks/i10.aig,263,861,855,3,0,34,no-supers,0,0,615,20,2,?,5,0,-1,34028234663852885981170418348451692544.000,81.560,-34028234663852885981170418348451692544.000,34028234663852885981170418348451692544.000,OAI22xp33_ASAP7_75t_L,81.550,1.400,-1,-1,-1,739,-1,743,-1,744,-1,749,-1,856,-1,-1,-1
benchmarks/i10.aig,264,861,855,3,0,35,no-supers,0,0,615,20,2,?,5,0,-1,34028234663852885981170418348451692544.000,81.560,-34028234663852885981170418348451692544.000,34028234663852885981170418348451692544.000,OAI22xp33_ASAP7_75t_L,81.550,1.400,4,-1,-1,739,-1,745,-1,749,-1,850,-1,855,-1,-1,-1
benchmarks/i10.aig,265,861,855,3,0,36,no-supers,0,0,615,20,2,?,5,0,-1,34028234663852885981170418348451692544.000,81.560,-34028234663852885981170418348451692544.000,34028234663852885981170418348451692544.000,OAI22xp33_ASAP7_75t_L,81.550,1.400,-1,-1,-1,649,-1,799,-1,850,-1,809,-1,853,-1,-1,-1
benchmarks/i10.aig,266,861,855,3,0,37,no-supers,0,0,615,20,2,?,5,0,-1,34028234663852885981170418348451692544.000,81.560,-34028234663852885981170418348451692544.000,34028234663852885981170418348451692544.000,OAI22xp33_ASAP7_75t_L,81.550,1.400,4,-1,-1,736,-1,746,-1,795,-1,850,-1,855,-1,-1,-1
benchmarks/i10.aig,267,861,855,3,1,0,violates-required,0,0,615,20,2,NOR2xp33_ASAP7_75t_L,2,1,5,87.150,82.340,-4.810,1.860,AOI22xp33_ASAP7_75t_L,82.290,1.400,-1,-1,-1,799,0,856,1,-1,-1,-1,-1,-1,-1,-1,-1
benchmarks/i10.aig,268,861,855,3,1,1,no-supers,0,0,615,20,2,?,3,0,-1,34028234663852885981170418348451692544.000,82.340,-34028234663852885981170418348451692544.000,34028234663852885981170418348451692544.000,AOI22xp33_ASAP7_75t_L,82.290,1.400,-1,-1,-1,746,-1,749,-1,856,-1,-1,-1,-1,-1,-1,-1
benchmarks/i10.aig,269,861,855,3,1,2,no-super-best,0,0,615,20,2,?,3,0,-1,34028234663852885981170418348451692544.000,82.340,-34028234663852885981170418348451692544.000,34028234663852885981170418348451692544.000,AOI22xp33_ASAP7_75t_L,82.290,1.400,2,-1,-1,799,-1,850,-1,855,-1,-1,-1,-1,-1,-1,-1
benchmarks/i10.aig,270,861,855,3,1,3,no-super-best,0,0,615,20,2,?,3,0,-1,34028234663852885981170418348451692544.000,82.340,-34028234663852885981170418348451692544.000,34028234663852885981170418348451692544.000,AOI22xp33_ASAP7_75t_L,82.290,1.400,-1,-1,-1,797,-1,798,-1,856,-1,-1,-1,-1,-1,-1,-1
benchmarks/i10.aig,271,861,855,3,1,4,violates-required,0,0,615,20,2,AOI21xp33_ASAP7_75t_L,3,3,2,87.360,82.340,-5.020,1.170,AOI22xp33_ASAP7_75t_L,82.290,1.400,-1,-1,-1,751,0,795,0,856,1,-1,-1,-1,-1,-1,-1
benchmarks/i10.aig,272,861,855,3,1,5,no-supers,0,0,615,20,2,?,4,0,-1,34028234663852885981170418348451692544.000,82.340,-34028234663852885981170418348451692544.000,34028234663852885981170418348451692544.000,AOI22xp33_ASAP7_75t_L,82.290,1.400,-1,-1,-1,737,-1,736,-1,746,-1,856,-1,-1,-1,-1,-1
benchmarks/i10.aig,273,861,855,3,1,6,no-supers,0,0,615,20,2,?,4,0,-1,34028234663852885981170418348451692544.000,82.340,-34028234663852885981170418348451692544.000,34028234663852885981170418348451692544.000,AOI22xp33_ASAP7_75t_L,82.290,1.400,-1,-1,-1,734,-1,735,-1,746,-1,856,-1,-1,-1,-1,-1
benchmarks/i10.aig,274,861,855,3,1,7,violates-required,0,0,615,20,2,AOI211xp5_ASAP7_75t_L,4,12,1,83.990,82.340,-1.650,1.400,AOI22xp33_ASAP7_75t_L,82.290,1.400,3,0,1,797,1,798,1,850,0,855,0,-1,-1,-1,-1
benchmarks/i10.aig,275,861,855,3,1,8,no-super-best,0,0,615,20,2,?,4,0,-1,34028234663852885981170418348451692544.000,82.340,-34028234663852885981170418348451692544.000,34028234663852885981170418348451692544.000,AOI22xp33_ASAP7_75t_L,82.290,1.400,3,-1,-1,2,-1,627,-1,799,-1,855,-1,-1,-1,-1,-1
benchmarks/i10.aig,276,861,855,3,1,9,no-supers,0,0,615,20,2,?,4,0,-1,34028234663852885981170418348451692544.000,82.340,-34028234663852885981170418348451692544.000,34028234663852885981170418348451692544.000,AOI22xp33_ASAP7_75t_L,82.290,1.400,-1,-1,-1,739,-1,745,-1,749,-1,856,-1,-1,-1,-1,-1
benchmarks/i10.aig,277,861,855,3,1,10,no-super-best,0,0,615,20,2,?,4,0,-1,34028234663852885981170418348451692544.000,82.340,-34028234663852885981170418348451692544.000,34028234663852885981170418348451692544.000,AOI22xp33_ASAP7_75t_L,82.290,1.400,-1,-1,-1,799,-1,850,-1,809,-1,854,-1,-1,-1,-1,-1
benchmarks/i10.aig,278,861,855,3,1,11,no-supers,0,0,615,20,2,?,4,0,-1,34028234663852885981170418348451692544.000,82.340,-34028234663852885981170418348451692544.000,34028234663852885981170418348451692544.000,AOI22xp33_ASAP7_75t_L,82.290,1.400,3,-1,-1,746,-1,749,-1,850,-1,855,-1,-1,-1,-1,-1
benchmarks/i10.aig,279,861,855,3,1,12,nonselected,1,0,615,20,2,AOI22xp33_ASAP7_75t_L,4,15,1,82.290,82.340,0.050,1.400,AOI22xp33_ASAP7_75t_L,82.290,1.400,3,0,1,751,0,795,0,850,0,855,0,-1,-1,-1,-1
benchmarks/i10.aig,280,861,855,3,1,13,no-super-best,0,0,615,20,2,?,4,0,-1,34028234663852885981170418348451692544.000,82.340,-34028234663852885981170418348451692544.000,34028234663852885981170418348451692544.000,AOI22xp33_ASAP7_75t_L,82.290,1.400,-1,-1,-1,736,-1,746,-1,795,-1,856,-1,-1,-1,-1,-1
benchmarks/i10.aig,281,861,855,3,1,14,no-supers,0,0,615,20,2,?,5,0,-1,34028234663852885981170418348451692544.000,82.340,-34028234663852885981170418348451692544.000,34028234663852885981170418348451692544.000,AOI22xp33_ASAP7_75t_L,82.290,1.400,-1,-1,-1,624,-1,629,-1,799,-1,850,-1,854,-1,-1,-1
benchmarks/i10.aig,282,861,855,3,1,15,no-supers,0,0,615,20,2,?,5,0,-1,34028234663852885981170418348451692544.000,82.340,-34028234663852885981170418348451692544.000,34028234663852885981170418348451692544.000,AOI22xp33_ASAP7_75t_L,82.290,1.400,4,-1,-1,737,-1,736,-1,746,-1,850,-1,855,-1,-1,-1
benchmarks/i10.aig,283,861,855,3,1,16,no-supers,0,0,615,20,2,?,5,0,-1,34028234663852885981170418348451692544.000,82.340,-34028234663852885981170418348451692544.000,34028234663852885981170418348451692544.000,AOI22xp33_ASAP7_75t_L,82.290,1.400,-1,-1,-1,2,-1,627,-1,799,-1,809,-1,854,-1,-1,-1
benchmarks/i10.aig,284,861,855,3,1,17,no-supers,0,0,615,20,2,?,5,0,-1,34028234663852885981170418348451692544.000,82.340,-34028234663852885981170418348451692544.000,34028234663852885981170418348451692544.000,AOI22xp33_ASAP7_75t_L,82.290,1.400,4,-1,-1,734,-1,735,-1,746,-1,850,-1,855,-1,-1,-1
benchmarks/i10.aig,285,861,855,3,1,18,no-supers,0,0,615,20,2,?,5,0,-1,34028234663852885981170418348451692544.000,82.340,-34028234663852885981170418348451692544.000,34028234663852885981170418348451692544.000,AOI22xp33_ASAP7_75t_L,82.290,1.400,4,-1,-1,2,-1,624,-1,626,-1,799,-1,855,-1,-1,-1
benchmarks/i10.aig,286,861,855,3,1,19,no-supers,0,0,615,20,2,?,5,0,-1,34028234663852885981170418348451692544.000,82.340,-34028234663852885981170418348451692544.000,34028234663852885981170418348451692544.000,AOI22xp33_ASAP7_75t_L,82.290,1.400,-1,-1,-1,797,-1,798,-1,850,-1,809,-1,854,-1,-1,-1
benchmarks/i10.aig,287,861,855,3,1,20,no-supers,0,0,615,20,2,?,5,0,-1,34028234663852885981170418348451692544.000,82.340,-34028234663852885981170418348451692544.000,34028234663852885981170418348451692544.000,AOI22xp33_ASAP7_75t_L,82.290,1.400,4,-1,-1,2,-1,627,-1,797,-1,798,-1,855,-1,-1,-1
benchmarks/i10.aig,288,861,855,3,1,21,no-supers,0,0,615,20,2,?,5,0,-1,34028234663852885981170418348451692544.000,82.340,-34028234663852885981170418348451692544.000,34028234663852885981170418348451692544.000,AOI22xp33_ASAP7_75t_L,82.290,1.400,4,-1,-1,2,-1,627,-1,751,-1,795,-1,855,-1,-1,-1
benchmarks/i10.aig,289,861,855,3,1,22,no-supers,0,0,615,20,2,?,5,0,-1,34028234663852885981170418348451692544.000,82.340,-34028234663852885981170418348451692544.000,34028234663852885981170418348451692544.000,AOI22xp33_ASAP7_75t_L,82.290,1.400,4,-1,-1,2,-1,627,-1,746,-1,749,-1,855,-1,-1,-1
benchmarks/i10.aig,290,861,855,3,1,23,no-supers,0,0,615,20,2,?,5,0,-1,34028234663852885981170418348451692544.000,82.340,-34028234663852885981170418348451692544.000,34028234663852885981170418348451692544.000,AOI22xp33_ASAP7_75t_L,82.290,1.400,-1,-1,-1,751,-1,795,-1,850,-1,809,-1,854,-1,-1,-1
benchmarks/i10.aig,291,861,855,3,1,24,no-supers,0,0,615,20,2,?,5,0,-1,34028234663852885981170418348451692544.000,82.340,-34028234663852885981170418348451692544.000,34028234663852885981170418348451692544.000,AOI22xp33_ASAP7_75t_L,82.290,1.400,-1,-1,-1,746,-1,749,-1,850,-1,809,-1,854,-1,-1,-1
benchmarks/i10.aig,292,861,855,3,1,25,no-supers,0,0,615,20,2,?,5,0,-1,34028234663852885981170418348451692544.000,82.340,-34028234663852885981170418348451692544.000,34028234663852885981170418348451692544.000,AOI22xp33_ASAP7_75t_L,82.290,1.400,-1,-1,-1,736,-1,739,-1,745,-1,795,-1,856,-1,-1,-1
benchmarks/i10.aig,293,861,855,3,1,26,no-supers,0,0,615,20,2,?,5,0,-1,34028234663852885981170418348451692544.000,82.340,-34028234663852885981170418348451692544.000,34028234663852885981170418348451692544.000,AOI22xp33_ASAP7_75t_L,82.290,1.400,-1,-1,-1,734,-1,735,-1,739,-1,745,-1,856,-1,-1,-1
benchmarks/i10.aig,294,861,855,3,1,27,no-supers,0,0,615,20,2,?,5,0,-1,34028234663852885981170418348451692544.000,82.340,-34028234663852885981170418348451692544.000,34028234663852885981170418348451692544.000,AOI22xp33_ASAP7_75t_L,82.290,1.400,-1,-1,-1,729,-1,730,-1,735,-1,746,-1,856,-1,-1,-1
benchmarks/i10.aig,295,861,855,3,1,28,no-supers,0,0,615,20,2,?,5,0,-1,34028234663852885981170418348451692544.000,82.340,-34028234663852885981170418348451692544.000,34028234663852885981170418348451692544.000,AOI22xp33_ASAP7_75t_L,82.290,1.400,-1,-1,-1,710,-1,738,-1,745,-1,749,-1,856,-1,-1,-1
benchmarks/i10.aig,296,861,855,3,1,29,no-supers,0,0,615,20,2,?,5,0,-1,34028234663852885981170418348451692544.000,82.340,-34028234663852885981170418348451692544.000,34028234663852885981170418348451692544.000,AOI22xp33_ASAP7_75t_L,82.290,1.400,-1,-1,-1,699,-1,709,-1,745,-1,749,-1,856,-1,-1,-1
benchmarks/i10.aig,297,861,855,3,1,30,no-supers,0,0,615,20,2,?,5,0,-1,34028234663852885981170418348451692544.000,82.340,-34028234663852885981170418348451692544.000,34028234663852885981170418348451692544.000,AOI22xp33_ASAP7_75t_L,82.290,1.400,-1,-1,-1,732,-1,733,-1,735,-1,746,-1,856,-1,-1,-1
benchmarks/i10.aig,298,861,855,3,1,31,no-supers,0,0,615,20,2,?,5,0,-1,34028234663852885981170418348451692544.000,82.340,-34028234663852885981170418348451692544.000,34028234663852885981170418348451692544.000,AOI22xp33_ASAP7_75t_L,82.290,1.400,-1,-1,-1,84,-1,208,-1,734,-1,746,-1,856,-1,-1,-1
benchmarks/i10.aig,299,861,855,3,1,32,no-supers,0,0,615,20,2,?,5,0,-1,34028234663852885981170418348451692544.000,82.340,-34028234663852885981170418348451692544.000,34028234663852885981170418348451692544.000,AOI22xp33_ASAP7_75t_L,82.290,1.400,-1,-1,-1,737,-1,736,-1,739,-1,745,-1,856,-1,-1,-1
benchmarks/i10.aig,300,861,855,3,1,33,no-supers,0,0,615,20,2,?,5,0,-1,34028234663852885981170418348451692544.000,82.340,-34028234663852885981170418348451692544.000,34028234663852885981170418348451692544.000,AOI22xp33_ASAP7_75t_L,82.290,1.400,-1,-1,-1,710,-1,727,-1,735,-1,746,-1,856,-1,-1,-1
benchmarks/i10.aig,301,861,855,3,1,34,no-supers,0,0,615,20,2,?,5,0,-1,34028234663852885981170418348451692544.000,82.340,-34028234663852885981170418348451692544.000,34028234663852885981170418348451692544.000,AOI22xp33_ASAP7_75t_L,82.290,1.400,-1,-1,-1,739,-1,743,-1,744,-1,749,-1,856,-1,-1,-1
benchmarks/i10.aig,302,861,855,3,1,35,no-supers,0,0,615,20,2,?,5,0,-1,34028234663852885981170418348451692544.000,82.340,-34028234663852885981170418348451692544.000,34028234663852885981170418348451692544.000,AOI22xp33_ASAP7_75t_L,82.290,1.400,4,-1,-1,739,-1,745,-1,749,-1,850,-1,855,-1,-1,-1
benchmarks/i10.aig,303,861,855,3,1,36,no-supers,0,0,615,20,2,?,5,0,-1,34028234663852885981170418348451692544.000,82.340,-34028234663852885981170418348451692544.000,34028234663852885981170418348451692544.000,AOI22xp33_ASAP7_75t_L,82.290,1.400,-1,-1,-1,649,-1,799,-1,850,-1,809,-1,853,-1,-1,-1
benchmarks/i10.aig,304,861,855,3,1,37,no-supers,0,0,615,20,2,?,5,0,-1,34028234663852885981170418348451692544.000,82.340,-34028234663852885981170418348451692544.000,34028234663852885981170418348451692544.000,AOI22xp33_ASAP7_75t_L,82.290,1.400,4,-1,-1,736,-1,746,-1,795,-1,850,-1,855,-1,-1,-1
benchmarks/ode.abc.blif,1,5229,5219,0,0,0,accepted-best,1,1,2427,39,1,NAND2xp33_ASAP7_75t_L,2,0,5,181.200,34028234663852885981170418348451692544.000,34028234663852885981170418348451692544.000,1207.223,?,34028234663852885981170418348451692544.000,34028234663852885981170418348451692544.000,-1,-1,-1,5070,1,5226,1,-1,-1,-1,-1,-1,-1,-1,-1
benchmarks/ode.abc.blif,2,5229,5219,0,0,1,no-supers,0,0,2427,39,1,?,3,0,-1,34028234663852885981170418348451692544.000,34028234663852885981170418348451692544.000,0.000,34028234663852885981170418348451692544.000,NAND2xp33_ASAP7_75t_L,181.200,1207.223,-1,-1,-1,450,-1,3117,-1,5226,-1,-1,-1,-1,-1,-1,-1
benchmarks/ode.abc.blif,3,5229,5219,0,0,2,no-super-best,0,0,2427,39,1,?,3,0,-1,34028234663852885981170418348451692544.000,34028234663852885981170418348451692544.000,0.000,34028234663852885981170418348451692544.000,NAND2xp33_ASAP7_75t_L,181.200,1207.223,-1,-1,-1,5063,-1,5069,-1,5226,-1,-1,-1,-1,-1,-1,-1
benchmarks/ode.abc.blif,4,5229,5219,0,0,3,accepted-best,1,1,2427,39,1,NAND3xp33_ASAP7_75t_L,3,6,2,180.670,34028234663852885981170418348451692544.000,34028234663852885981170418348451692544.000,129.050,NAND2xp33_ASAP7_75t_L,181.200,1207.223,-1,-1,-1,5070,1,4729,0,5224,0,-1,-1,-1,-1,-1,-1
benchmarks/ode.abc.blif,5,5229,5219,0,0,4,no-supers,0,0,2427,39,1,?,4,0,-1,34028234663852885981170418348451692544.000,34028234663852885981170418348451692544.000,0.000,34028234663852885981170418348451692544.000,NAND3xp33_ASAP7_75t_L,180.670,129.050,-1,-1,-1,450,-1,3117,-1,4729,-1,5224,-1,-1,-1,-1,-1
benchmarks/ode.abc.blif,6,5229,5219,0,0,5,accepted-best,1,1,2427,39,1,OAI211xp5_ASAP7_75t_L,4,10,1,174.000,34028234663852885981170418348451692544.000,34028234663852885981170418348451692544.000,2054.423,NAND3xp33_ASAP7_75t_L,180.670,129.050,2,1,0,5070,1,4729,0,5219,1,5223,0,-1,-1,-1,-1
benchmarks/ode.abc.blif,7,5229,5219,0,0,6,no-super-best,0,0,2427,39,1,?,4,0,-1,34028234663852885981170418348451692544.000,34028234663852885981170418348451692544.000,0.000,34028234663852885981170418348451692544.000,OAI211xp5_ASAP7_75t_L,174.000,2054.423,-1,-1,-1,3831,-1,4471,-1,5070,-1,5224,-1,-1,-1,-1,-1
benchmarks/ode.abc.blif,8,5229,5219,0,0,7,no-super-best,0,0,2427,39,1,?,4,0,-1,34028234663852885981170418348451692544.000,34028234663852885981170418348451692544.000,0.000,34028234663852885981170418348451692544.000,OAI211xp5_ASAP7_75t_L,174.000,2054.423,-1,-1,-1,5063,-1,5069,-1,4729,-1,5224,-1,-1,-1,-1,-1
benchmarks/ode.abc.blif,9,5229,5219,0,0,8,no-supers,0,0,2427,39,1,?,5,0,-1,34028234663852885981170418348451692544.000,34028234663852885981170418348451692544.000,0.000,34028234663852885981170418348451692544.000,OAI211xp5_ASAP7_75t_L,174.000,2054.423,3,-1,-1,450,-1,3117,-1,4729,-1,5219,-1,5223,-1,-1,-1
benchmarks/ode.abc.blif,10,5229,5219,0,0,9,no-supers,0,0,2427,39,1,?,5,0,-1,34028234663852885981170418348451692544.000,34028234663852885981170418348451692544.000,0.000,34028234663852885981170418348451692544.000,OAI211xp5_ASAP7_75t_L,174.000,2054.423,-1,-1,-1,450,-1,3117,-1,3831,-1,4471,-1,5224,-1,-1,-1
benchmarks/ode.abc.blif,11,5229,5219,0,0,10,no-supers,0,0,2427,39,1,?,5,0,-1,34028234663852885981170418348451692544.000,34028234663852885981170418348451692544.000,0.000,34028234663852885981170418348451692544.000,OAI211xp5_ASAP7_75t_L,174.000,2054.423,-1,-1,-1,3831,-1,4471,-1,5063,-1,5069,-1,5224,-1,-1,-1
benchmarks/ode.abc.blif,12,5229,5219,0,0,11,no-super-best,0,0,2427,39,1,?,5,0,-1,34028234663852885981170418348451692544.000,34028234663852885981170418348451692544.000,0.000,34028234663852885981170418348451692544.000,OAI211xp5_ASAP7_75t_L,174.000,2054.423,3,-1,-1,3831,-1,4471,-1,5070,-1,5219,-1,5223,-1,-1,-1
benchmarks/ode.abc.blif,13,5229,5219,0,0,12,no-supers,0,0,2427,39,1,?,5,0,-1,34028234663852885981170418348451692544.000,34028234663852885981170418348451692544.000,0.000,34028234663852885981170418348451692544.000,OAI211xp5_ASAP7_75t_L,174.000,2054.423,3,-1,-1,3831,-1,4471,-1,5070,-1,5219,-1,5220,-1,-1,-1
benchmarks/ode.abc.blif,14,5229,5219,0,0,13,no-supers,0,0,2427,39,1,?,5,0,-1,34028234663852885981170418348451692544.000,34028234663852885981170418348451692544.000,0.000,34028234663852885981170418348451692544.000,OAI211xp5_ASAP7_75t_L,174.000,2054.423,-1,-1,-1,5070,-1,4729,-1,5217,-1,5218,-1,5223,-1,-1,-1
benchmarks/ode.abc.blif,15,5229,5219,0,0,14,no-super-best,0,0,2427,39,1,?,5,0,-1,34028234663852885981170418348451692544.000,34028234663852885981170418348451692544.000,0.000,34028234663852885981170418348451692544.000,OAI211xp5_ASAP7_75t_L,174.000,2054.423,3,-1,-1,5070,-1,5190,-1,4729,-1,5219,-1,5222,-1,-1,-1
benchmarks/ode.abc.blif,16,5229,5219,0,0,15,no-supers,0,0,2427,39,1,?,5,0,-1,34028234663852885981170418348451692544.000,34028234663852885981170418348451692544.000,0.000,34028234663852885981170418348451692544.000,OAI211xp5_ASAP7_75t_L,174.000,2054.423,3,-1,-1,3831,-1,5070,-1,4729,-1,5219,-1,5220,-1,-1,-1
benchmarks/ode.abc.blif,17,5229,5219,0,0,16,no-super-best,0,0,2427,39,1,?,5,0,-1,34028234663852885981170418348451692544.000,34028234663852885981170418348451692544.000,0.000,34028234663852885981170418348451692544.000,OAI211xp5_ASAP7_75t_L,174.000,2054.423,-1,-1,-1,3153,-1,3831,-1,4470,-1,5070,-1,5224,-1,-1,-1
benchmarks/ode.abc.blif,18,5229,5219,0,0,17,no-supers,0,0,2427,39,1,?,5,0,-1,34028234663852885981170418348451692544.000,34028234663852885981170418348451692544.000,0.000,34028234663852885981170418348451692544.000,OAI211xp5_ASAP7_75t_L,174.000,2054.423,3,-1,-1,5063,-1,5069,-1,4729,-1,5219,-1,5223,-1,-1,-1
benchmarks/ode.abc.blif,19,5229,5219,0,1,0,accepted-best,1,1,2427,39,1,NOR2xp33_ASAP7_75t_L,2,3,5,180.230,34028234663852885981170418348451692544.000,34028234663852885981170418348451692544.000,1028.125,?,34028234663852885981170418348451692544.000,34028234663852885981170418348451692544.000,-1,-1,-1,5070,0,5226,0,-1,-1,-1,-1,-1,-1,-1,-1
benchmarks/ode.abc.blif,20,5229,5219,0,1,1,no-supers,0,0,2427,39,1,?,3,0,-1,34028234663852885981170418348451692544.000,34028234663852885981170418348451692544.000,0.000,34028234663852885981170418348451692544.000,NOR2xp33_ASAP7_75t_L,180.230,1028.125,-1,-1,-1,450,-1,3117,-1,5226,-1,-1,-1,-1,-1,-1,-1
benchmarks/ode.abc.blif,21,5229,5219,0,1,2,no-super-best,0,0,2427,39,1,?,3,0,-1,34028234663852885981170418348451692544.000,34028234663852885981170418348451692544.000,0.000,34028234663852885981170418348451692544.000,NOR2xp33_ASAP7_75t_L,180.230,1028.125,-1,-1,-1,5063,-1,5069,-1,5226,-1,-1,-1,-1,-1,-1,-1
benchmarks/ode.abc.blif,22,5229,5219,0,1,3,no-super-best,0,0,2427,39,1,?,3,0,-1,34028234663852885981170418348451692544.000,34028234663852885981170418348451692544.000,0.000,34028234663852885981170418348451692544.000,NOR2xp33_ASAP7_75t_L,180.230,1028.125,-1,-1,-1,5070,-1,4729,-1,5224,-1,-1,-1,-1,-1,-1,-1
benchmarks/ode.abc.blif,23,5229,5219,0,1,4,no-supers,0,0,2427,39,1,?,4,0,-1,34028234663852885981170418348451692544.000,34028234663852885981170418348451692544.000,0.000,34028234663852885981170418348451692544.000,NOR2xp33_ASAP7_75t_L,180.230,1028.125,-1,-1,-1,450,-1,3117,-1,4729,-1,5224,-1,-1,-1,-1,-1
benchmarks/ode.abc.blif,24,5229,5219,0,1,5,accepted-best,1,1,2427,39,1,AOI211xp5_ASAP7_75t_L,4,5,1,176.000,34028234663852885981170418348451692544.000,34028234663852885981170418348451692544.000,2412.618,NOR2xp33_ASAP7_75t_L,180.230,1028.125,2,0,1,5070,0,4729,1,5219,0,5223,1,-1,-1,-1,-1
benchmarks/ode.abc.blif,25,5229,5219,0,1,6,no-super-best,0,0,2427,39,1,?,4,0,-1,34028234663852885981170418348451692544.000,34028234663852885981170418348451692544.000,0.000,34028234663852885981170418348451692544.000,AOI211xp5_ASAP7_75t_L,176.000,2412.618,-1,-1,-1,3831,-1,4471,-1,5070,-1,5224,-1,-1,-1,-1,-1
benchmarks/ode.abc.blif,26,5229,5219,0,1,7,no-super-best,0,0,2427,39,1,?,4,0,-1,34028234663852885981170418348451692544.000,34028234663852885981170418348451692544.000,0.000,34028234663852885981170418348451692544.000,AOI211xp5_ASAP7_75t_L,176.000,2412.618,-1,-1,-1,5063,-1,5069,-1,4729,-1,5224,-1,-1,-1,-1,-1
benchmarks/ode.abc.blif,27,5229,5219,0,1,8,no-supers,0,0,2427,39,1,?,5,0,-1,34028234663852885981170418348451692544.000,34028234663852885981170418348451692544.000,0.000,34028234663852885981170418348451692544.000,AOI211xp5_ASAP7_75t_L,176.000,2412.618,3,-1,-1,450,-1,3117,-1,4729,-1,5219,-1,5223,-1,-1,-1
benchmarks/ode.abc.blif,28,5229,5219,0,1,9,no-supers,0,0,2427,39,1,?,5,0,-1,34028234663852885981170418348451692544.000,34028234663852885981170418348451692544.000,0.000,34028234663852885981170418348451692544.000,AOI211xp5_ASAP7_75t_L,176.000,2412.618,-1,-1,-1,450,-1,3117,-1,3831,-1,4471,-1,5224,-1,-1,-1
benchmarks/ode.abc.blif,29,5229,5219,0,1,10,no-supers,0,0,2427,39,1,?,5,0,-1,34028234663852885981170418348451692544.000,34028234663852885981170418348451692544.000,0.000,34028234663852885981170418348451692544.000,AOI211xp5_ASAP7_75t_L,176.000,2412.618,-1,-1,-1,3831,-1,4471,-1,5063,-1,5069,-1,5224,-1,-1,-1
benchmarks/ode.abc.blif,30,5229,5219,0,1,11,no-super-best,0,0,2427,39,1,?,5,0,-1,34028234663852885981170418348451692544.000,34028234663852885981170418348451692544.000,0.000,34028234663852885981170418348451692544.000,AOI211xp5_ASAP7_75t_L,176.000,2412.618,3,-1,-1,3831,-1,4471,-1,5070,-1,5219,-1,5223,-1,-1,-1
benchmarks/ode.abc.blif,31,5229,5219,0,1,12,no-supers,0,0,2427,39,1,?,5,0,-1,34028234663852885981170418348451692544.000,34028234663852885981170418348451692544.000,0.000,34028234663852885981170418348451692544.000,AOI211xp5_ASAP7_75t_L,176.000,2412.618,3,-1,-1,3831,-1,4471,-1,5070,-1,5219,-1,5220,-1,-1,-1
benchmarks/ode.abc.blif,32,5229,5219,0,1,13,no-supers,0,0,2427,39,1,?,5,0,-1,34028234663852885981170418348451692544.000,34028234663852885981170418348451692544.000,0.000,34028234663852885981170418348451692544.000,AOI211xp5_ASAP7_75t_L,176.000,2412.618,-1,-1,-1,5070,-1,4729,-1,5217,-1,5218,-1,5223,-1,-1,-1
benchmarks/ode.abc.blif,33,5229,5219,0,1,14,no-super-best,0,0,2427,39,1,?,5,0,-1,34028234663852885981170418348451692544.000,34028234663852885981170418348451692544.000,0.000,34028234663852885981170418348451692544.000,AOI211xp5_ASAP7_75t_L,176.000,2412.618,3,-1,-1,5070,-1,5190,-1,4729,-1,5219,-1,5222,-1,-1,-1
benchmarks/ode.abc.blif,34,5229,5219,0,1,15,no-supers,0,0,2427,39,1,?,5,0,-1,34028234663852885981170418348451692544.000,34028234663852885981170418348451692544.000,0.000,34028234663852885981170418348451692544.000,AOI211xp5_ASAP7_75t_L,176.000,2412.618,3,-1,-1,3831,-1,5070,-1,4729,-1,5219,-1,5220,-1,-1,-1
benchmarks/ode.abc.blif,35,5229,5219,0,1,16,no-super-best,0,0,2427,39,1,?,5,0,-1,34028234663852885981170418348451692544.000,34028234663852885981170418348451692544.000,0.000,34028234663852885981170418348451692544.000,AOI211xp5_ASAP7_75t_L,176.000,2412.618,-1,-1,-1,3153,-1,3831,-1,4470,-1,5070,-1,5224,-1,-1,-1
benchmarks/ode.abc.blif,36,5229,5219,0,1,17,no-supers,0,0,2427,39,1,?,5,0,-1,34028234663852885981170418348451692544.000,34028234663852885981170418348451692544.000,0.000,34028234663852885981170418348451692544.000,AOI211xp5_ASAP7_75t_L,176.000,2412.618,3,-1,-1,5063,-1,5069,-1,4729,-1,5219,-1,5223,-1,-1,-1
benchmarks/ode.abc.blif,37,5229,5219,1,0,0,violates-required,0,0,2427,39,1,NAND2xp33_ASAP7_75t_L,2,0,5,186.940,174.170,-12.770,3.947,OAI211xp5_ASAP7_75t_L,174.000,2054.423,-1,-1,-1,5070,1,5226,1,-1,-1,-1,-1,-1,-1,-1,-1
benchmarks/ode.abc.blif,38,5229,5219,1,0,1,no-supers,0,0,2427,39,1,?,3,0,-1,34028234663852885981170418348451692544.000,174.170,-34028234663852885981170418348451692544.000,34028234663852885981170418348451692544.000,OAI211xp5_ASAP7_75t_L,174.000,2054.423,-1,-1,-1,450,-1,3117,-1,5226,-1,-1,-1,-1,-1,-1,-1
benchmarks/ode.abc.blif,39,5229,5219,1,0,2,no-super-best,0,0,2427,39,1,?,3,0,-1,34028234663852885981170418348451692544.000,174.170,-34028234663852885981170418348451692544.000,34028234663852885981170418348451692544.000,OAI211xp5_ASAP7_75t_L,174.000,2054.423,-1,-1,-1,5063,-1,5069,-1,5226,-1,-1,-1,-1,-1,-1,-1
benchmarks/ode.abc.blif,40,5229,5219,1,0,3,violates-required,0,0,2427,39,1,NAND3xp33_ASAP7_75t_L,3,6,2,177.730,174.170,-3.560,4.815,OAI211xp5_ASAP7_75t_L,174.000,2054.423,-1,-1,-1,5070,1,4729,0,5224,0,-1,-1,-1,-1,-1,-1
benchmarks/ode.abc.blif,41,5229,5219,1,0,4,no-supers,0,0,2427,39,1,?,4,0,-1,34028234663852885981170418348451692544.000,174.170,-34028234663852885981170418348451692544.000,34028234663852885981170418348451692544.000,OAI211xp5_ASAP7_75t_L,174.000,2054.423,-1,-1,-1,450,-1,3117,-1,4729,-1,5224,-1,-1,-1,-1,-1
benchmarks/ode.abc.blif,42,5229,5219,1,0,5,accepted-best,1,1,2427,39,1,OAI211xp5_ASAP7_75t_L,4,10,1,174.000,174.170,0.170,44.730,OAI211xp5_ASAP7_75t_L,174.000,2054.423,2,1,0,5070,1,4729,0,5219,1,5223,0,-1,-1,-1,-1
benchmarks/ode.abc.blif,43,5229,5219,1,0,6,no-super-best,0,0,2427,39,1,?,4,0,-1,34028234663852885981170418348451692544.000,174.170,-34028234663852885981170418348451692544.000,34028234663852885981170418348451692544.000,OAI211xp5_ASAP7_75t_L,174.000,44.730,-1,-1,-1,3831,-1,4471,-1,5070,-1,5224,-1,-1,-1,-1,-1
benchmarks/ode.abc.blif,44,5229,5219,1,0,7,no-super-best,0,0,2427,39,1,?,4,0,-1,34028234663852885981170418348451692544.000,174.170,-34028234663852885981170418348451692544.000,34028234663852885981170418348451692544.000,OAI211xp5_ASAP7_75t_L,174.000,44.730,-1,-1,-1,5063,-1,5069,-1,4729,-1,5224,-1,-1,-1,-1,-1
benchmarks/ode.abc.blif,45,5229,5219,1,0,8,no-supers,0,0,2427,39,1,?,5,0,-1,34028234663852885981170418348451692544.000,174.170,-34028234663852885981170418348451692544.000,34028234663852885981170418348451692544.000,OAI211xp5_ASAP7_75t_L,174.000,44.730,3,-1,-1,450,-1,3117,-1,4729,-1,5219,-1,5223,-1,-1,-1
benchmarks/ode.abc.blif,46,5229,5219,1,0,9,no-supers,0,0,2427,39,1,?,5,0,-1,34028234663852885981170418348451692544.000,174.170,-34028234663852885981170418348451692544.000,34028234663852885981170418348451692544.000,OAI211xp5_ASAP7_75t_L,174.000,44.730,-1,-1,-1,450,-1,3117,-1,3831,-1,4471,-1,5224,-1,-1,-1
benchmarks/ode.abc.blif,47,5229,5219,1,0,10,no-supers,0,0,2427,39,1,?,5,0,-1,34028234663852885981170418348451692544.000,174.170,-34028234663852885981170418348451692544.000,34028234663852885981170418348451692544.000,OAI211xp5_ASAP7_75t_L,174.000,44.730,-1,-1,-1,3831,-1,4471,-1,5063,-1,5069,-1,5224,-1,-1,-1
benchmarks/ode.abc.blif,48,5229,5219,1,0,11,no-super-best,0,0,2427,39,1,?,5,0,-1,34028234663852885981170418348451692544.000,174.170,-34028234663852885981170418348451692544.000,34028234663852885981170418348451692544.000,OAI211xp5_ASAP7_75t_L,174.000,44.730,3,-1,-1,3831,-1,4471,-1,5070,-1,5219,-1,5223,-1,-1,-1
benchmarks/ode.abc.blif,49,5229,5219,1,0,12,no-supers,0,0,2427,39,1,?,5,0,-1,34028234663852885981170418348451692544.000,174.170,-34028234663852885981170418348451692544.000,34028234663852885981170418348451692544.000,OAI211xp5_ASAP7_75t_L,174.000,44.730,3,-1,-1,3831,-1,4471,-1,5070,-1,5219,-1,5220,-1,-1,-1
benchmarks/ode.abc.blif,50,5229,5219,1,0,13,no-supers,0,0,2427,39,1,?,5,0,-1,34028234663852885981170418348451692544.000,174.170,-34028234663852885981170418348451692544.000,34028234663852885981170418348451692544.000,OAI211xp5_ASAP7_75t_L,174.000,44.730,-1,-1,-1,5070,-1,4729,-1,5217,-1,5218,-1,5223,-1,-1,-1
benchmarks/ode.abc.blif,51,5229,5219,1,0,14,no-super-best,0,0,2427,39,1,?,5,0,-1,34028234663852885981170418348451692544.000,174.170,-34028234663852885981170418348451692544.000,34028234663852885981170418348451692544.000,OAI211xp5_ASAP7_75t_L,174.000,44.730,3,-1,-1,5070,-1,5190,-1,4729,-1,5219,-1,5222,-1,-1,-1
benchmarks/ode.abc.blif,52,5229,5219,1,0,15,no-supers,0,0,2427,39,1,?,5,0,-1,34028234663852885981170418348451692544.000,174.170,-34028234663852885981170418348451692544.000,34028234663852885981170418348451692544.000,OAI211xp5_ASAP7_75t_L,174.000,44.730,3,-1,-1,3831,-1,5070,-1,4729,-1,5219,-1,5220,-1,-1,-1
benchmarks/ode.abc.blif,53,5229,5219,1,0,16,no-super-best,0,0,2427,39,1,?,5,0,-1,34028234663852885981170418348451692544.000,174.170,-34028234663852885981170418348451692544.000,34028234663852885981170418348451692544.000,OAI211xp5_ASAP7_75t_L,174.000,44.730,-1,-1,-1,3153,-1,3831,-1,4470,-1,5070,-1,5224,-1,-1,-1
benchmarks/ode.abc.blif,54,5229,5219,1,0,17,no-supers,0,0,2427,39,1,?,5,0,-1,34028234663852885981170418348451692544.000,174.170,-34028234663852885981170418348451692544.000,34028234663852885981170418348451692544.000,OAI211xp5_ASAP7_75t_L,174.000,44.730,3,-1,-1,5063,-1,5069,-1,4729,-1,5219,-1,5223,-1,-1,-1
benchmarks/ode.abc.blif,55,5229,5219,1,1,0,violates-required,0,0,2427,39,1,NOR2xp33_ASAP7_75t_L,2,3,5,184.770,178.420,-6.350,4.006,AOI211xp5_ASAP7_75t_L,177.330,2412.618,-1,-1,-1,5070,0,5226,0,-1,-1,-1,-1,-1,-1,-1,-1
benchmarks/ode.abc.blif,56,5229,5219,1,1,1,no-supers,0,0,2427,39,1,?,3,0,-1,34028234663852885981170418348451692544.000,178.420,-34028234663852885981170418348451692544.000,34028234663852885981170418348451692544.000,AOI211xp5_ASAP7_75t_L,177.330,2412.618,-1,-1,-1,450,-1,3117,-1,5226,-1,-1,-1,-1,-1,-1,-1
benchmarks/ode.abc.blif,57,5229,5219,1,1,2,no-super-best,0,0,2427,39,1,?,3,0,-1,34028234663852885981170418348451692544.000,178.420,-34028234663852885981170418348451692544.000,34028234663852885981170418348451692544.000,AOI211xp5_ASAP7_75t_L,177.330,2412.618,-1,-1,-1,5063,-1,5069,-1,5226,-1,-1,-1,-1,-1,-1,-1
benchmarks/ode.abc.blif,58,5229,5219,1,1,3,no-super-best,0,0,2427,39,1,?,3,0,-1,34028234663852885981170418348451692544.000,178.420,-34028234663852885981170418348451692544.000,34028234663852885981170418348451692544.000,AOI211xp5_ASAP7_75t_L,177.330,2412.618,-1,-1,-1,5070,-1,4729,-1,5224,-1,-1,-1,-1,-1,-1,-1
benchmarks/ode.abc.blif,59,5229,5219,1,1,4,no-supers,0,0,2427,39,1,?,4,0,-1,34028234663852885981170418348451692544.000,178.420,-34028234663852885981170418348451692544.000,34028234663852885981170418348451692544.000,AOI211xp5_ASAP7_75t_L,177.330,2412.618,-1,-1,-1,450,-1,3117,-1,4729,-1,5224,-1,-1,-1,-1,-1
benchmarks/ode.abc.blif,60,5229,5219,1,1,5,accepted-best,1,1,2427,39,1,OA211x2_ASAP7_75t_L,4,10,1,177.340,178.420,1.080,45.200,AOI211xp5_ASAP7_75t_L,177.330,2412.618,2,1,0,5070,1,4729,0,5219,1,5223,0,-1,-1,-1,-1
benchmarks/ode.abc.blif,61,5229,5219,1,1,6,no-super-best,0,0,2427,39,1,?,4,0,-1,34028234663852885981170418348451692544.000,178.420,-34028234663852885981170418348451692544.000,34028234663852885981170418348451692544.000,OA211x2_ASAP7_75t_L,177.340,45.200,-1,-1,-1,3831,-1,4471,-1,5070,-1,5224,-1,-1,-1,-1,-1
benchmarks/ode.abc.blif,62,5229,5219,1,1,7,no-super-best,0,0,2427,39,1,?,4,0,-1,34028234663852885981170418348451692544.000,178.420,-34028234663852885981170418348451692544.000,34028234663852885981170418348451692544.000,OA211x2_ASAP7_75t_L,177.340,45.200,-1,-1,-1,5063,-1,5069,-1,4729,-1,5224,-1,-1,-1,-1,-1
benchmarks/ode.abc.blif,63,5229,5219,1,1,8,no-supers,0,0,2427,39,1,?,5,0,-1,34028234663852885981170418348451692544.000,178.420,-34028234663852885981170418348451692544.000,34028234663852885981170418348451692544.000,OA211x2_ASAP7_75t_L,177.340,45.200,3,-1,-1,450,-1,3117,-1,4729,-1,5219,-1,5223,-1,-1,-1
benchmarks/ode.abc.blif,64,5229,5219,1,1,9,no-supers,0,0,2427,39,1,?,5,0,-1,34028234663852885981170418348451692544.000,178.420,-34028234663852885981170418348451692544.000,34028234663852885981170418348451692544.000,OA211x2_ASAP7_75t_L,177.340,45.200,-1,-1,-1,450,-1,3117,-1,3831,-1,4471,-1,5224,-1,-1,-1
benchmarks/ode.abc.blif,65,5229,5219,1,1,10,no-supers,0,0,2427,39,1,?,5,0,-1,34028234663852885981170418348451692544.000,178.420,-34028234663852885981170418348451692544.000,34028234663852885981170418348451692544.000,OA211x2_ASAP7_75t_L,177.340,45.200,-1,-1,-1,3831,-1,4471,-1,5063,-1,5069,-1,5224,-1,-1,-1
benchmarks/ode.abc.blif,66,5229,5219,1,1,11,nonselected,1,0,2427,39,1,OA221x2_ASAP7_75t_L,5,18,1,178.170,178.420,0.250,47.066,OA211x2_ASAP7_75t_L,177.340,45.200,3,1,0,3831,1,4471,0,5070,1,5219,1,5223,0,-1,-1
benchmarks/ode.abc.blif,67,5229,5219,1,1,12,no-supers,0,0,2427,39,1,?,5,0,-1,34028234663852885981170418348451692544.000,178.420,-34028234663852885981170418348451692544.000,34028234663852885981170418348451692544.000,OA211x2_ASAP7_75t_L,177.340,45.200,3,-1,-1,3831,-1,4471,-1,5070,-1,5219,-1,5220,-1,-1,-1
benchmarks/ode.abc.blif,68,5229,5219,1,1,13,no-supers,0,0,2427,39,1,?,5,0,-1,34028234663852885981170418348451692544.000,178.420,-34028234663852885981170418348451692544.000,34028234663852885981170418348451692544.000,OA211x2_ASAP7_75t_L,177.340,45.200,-1,-1,-1,5070,-1,4729,-1,5217,-1,5218,-1,5223,-1,-1,-1
benchmarks/ode.abc.blif,69,5229,5219,1,1,14,no-super-best,0,0,2427,39,1,?,5,0,-1,34028234663852885981170418348451692544.000,178.420,-34028234663852885981170418348451692544.000,34028234663852885981170418348451692544.000,OA211x2_ASAP7_75t_L,177.340,45.200,3,-1,-1,5070,-1,5190,-1,4729,-1,5219,-1,5222,-1,-1,-1
benchmarks/ode.abc.blif,70,5229,5219,1,1,15,no-supers,0,0,2427,39,1,?,5,0,-1,34028234663852885981170418348451692544.000,178.420,-34028234663852885981170418348451692544.000,34028234663852885981170418348451692544.000,OA211x2_ASAP7_75t_L,177.340,45.200,3,-1,-1,3831,-1,5070,-1,4729,-1,5219,-1,5220,-1,-1,-1
benchmarks/ode.abc.blif,71,5229,5219,1,1,16,no-super-best,0,0,2427,39,1,?,5,0,-1,34028234663852885981170418348451692544.000,178.420,-34028234663852885981170418348451692544.000,34028234663852885981170418348451692544.000,OA211x2_ASAP7_75t_L,177.340,45.200,-1,-1,-1,3153,-1,3831,-1,4470,-1,5070,-1,5224,-1,-1,-1
benchmarks/ode.abc.blif,72,5229,5219,1,1,17,no-supers,0,0,2427,39,1,?,5,0,-1,34028234663852885981170418348451692544.000,178.420,-34028234663852885981170418348451692544.000,34028234663852885981170418348451692544.000,OA211x2_ASAP7_75t_L,177.340,45.200,3,-1,-1,5063,-1,5069,-1,4729,-1,5219,-1,5223,-1,-1,-1
benchmarks/ode.abc.blif,73,5229,5219,2,0,0,violates-required,0,0,2427,39,1,NAND2xp33_ASAP7_75t_L,2,0,5,189.770,174.070,-15.700,0.930,OAI211xp5_ASAP7_75t_L,173.970,1.400,-1,-1,-1,5070,1,5226,1,-1,-1,-1,-1,-1,-1,-1,-1
benchmarks/ode.abc.blif,74,5229,5219,2,0,1,no-supers,0,0,2427,39,1,?,3,0,-1,34028234663852885981170418348451692544.000,174.070,-34028234663852885981170418348451692544.000,34028234663852885981170418348451692544.000,OAI211xp5_ASAP7_75t_L,173.970,1.400,-1,-1,-1,450,-1,3117,-1,5226,-1,-1,-1,-1,-1,-1,-1
benchmarks/ode.abc.blif,75,5229,5219,2,0,2,no-super-best,0,0,2427,39,1,?,3,0,-1,34028234663852885981170418348451692544.000,174.070,-34028234663852885981170418348451692544.000,34028234663852885981170418348451692544.000,OAI211xp5_ASAP7_75t_L,173.970,1.400,-1,-1,-1,5063,-1,5069,-1,5226,-1,-1,-1,-1,-1,-1,-1
benchmarks/ode.abc.blif,76,5229,5219,2,0,3,violates-required,0,0,2427,39,1,NAND3xp33_ASAP7_75t_L,3,6,2,177.020,174.070,-2.950,1.170,OAI211xp5_ASAP7_75t_L,173.970,1.400,-1,-1,-1,5070,1,4729,0,5224,0,-1,-1,-1,-1,-1,-1
benchmarks/ode.abc.blif,77,5229,5219,2,0,4,no-supers,0,0,2427,39,1,?,4,0,-1,34028234663852885981170418348451692544.000,174.070,-34028234663852885981170418348451692544.000,34028234663852885981170418348451692544.000,OAI211xp5_ASAP7_75t_L,173.970,1.400,-1,-1,-1,450,-1,3117,-1,4729,-1,5224,-1,-1,-1,-1,-1
benchmarks/ode.abc.blif,78,5229,5219,2,0,5,nonselected,1,0,2427,39,1,OAI211xp5_ASAP7_75t_L,4,10,1,173.970,174.070,0.100,1.400,OAI211xp5_ASAP7_75t_L,173.970,1.400,2,1,0,5070,1,4729,0,5219,1,5223,0,-1,-1,-1,-1
benchmarks/ode.abc.blif,79,5229,5219,2,0,6,no-super-best,0,0,2427,39,1,?,4,0,-1,34028234663852885981170418348451692544.000,174.070,-34028234663852885981170418348451692544.000,34028234663852885981170418348451692544.000,OAI211xp5_ASAP7_75t_L,173.970,1.400,-1,-1,-1,3831,-1,4471,-1,5070,-1,5224,-1,-1,-1,-1,-1
benchmarks/ode.abc.blif,80,5229,5219,2,0,7,no-super-best,0,0,2427,39,1,?,4,0,-1,34028234663852885981170418348451692544.000,174.070,-34028234663852885981170418348451692544.000,34028234663852885981170418348451692544.000,OAI211xp5_ASAP7_75t_L,173.970,1.400,-1,-1,-1,5063,-1,5069,-1,4729,-1,5224,-1,-1,-1,-1,-1
benchmarks/ode.abc.blif,81,5229,5219,2,0,8,no-supers,0,0,2427,39,1,?,5,0,-1,34028234663852885981170418348451692544.000,174.070,-34028234663852885981170418348451692544.000,34028234663852885981170418348451692544.000,OAI211xp5_ASAP7_75t_L,173.970,1.400,3,-1,-1,450,-1,3117,-1,4729,-1,5219,-1,5223,-1,-1,-1
benchmarks/ode.abc.blif,82,5229,5219,2,0,9,no-supers,0,0,2427,39,1,?,5,0,-1,34028234663852885981170418348451692544.000,174.070,-34028234663852885981170418348451692544.000,34028234663852885981170418348451692544.000,OAI211xp5_ASAP7_75t_L,173.970,1.400,-1,-1,-1,450,-1,3117,-1,3831,-1,4471,-1,5224,-1,-1,-1
benchmarks/ode.abc.blif,83,5229,5219,2,0,10,no-supers,0,0,2427,39,1,?,5,0,-1,34028234663852885981170418348451692544.000,174.070,-34028234663852885981170418348451692544.000,34028234663852885981170418348451692544.000,OAI211xp5_ASAP7_75t_L,173.970,1.400,-1,-1,-1,3831,-1,4471,-1,5063,-1,5069,-1,5224,-1,-1,-1
benchmarks/ode.abc.blif,84,5229,5219,2,0,11,no-super-best,0,0,2427,39,1,?,5,0,-1,34028234663852885981170418348451692544.000,174.070,-34028234663852885981170418348451692544.000,34028234663852885981170418348451692544.000,OAI211xp5_ASAP7_75t_L,173.970,1.400,3,-1,-1,3831,-1,4471,-1,5070,-1,5219,-1,5223,-1,-1,-1
benchmarks/ode.abc.blif,85,5229,5219,2,0,12,no-supers,0,0,2427,39,1,?,5,0,-1,34028234663852885981170418348451692544.000,174.070,-34028234663852885981170418348451692544.000,34028234663852885981170418348451692544.000,OAI211xp5_ASAP7_75t_L,173.970,1.400,3,-1,-1,3831,-1,4471,-1,5070,-1,5219,-1,5220,-1,-1,-1
benchmarks/ode.abc.blif,86,5229,5219,2,0,13,no-supers,0,0,2427,39,1,?,5,0,-1,34028234663852885981170418348451692544.000,174.070,-34028234663852885981170418348451692544.000,34028234663852885981170418348451692544.000,OAI211xp5_ASAP7_75t_L,173.970,1.400,-1,-1,-1,5070,-1,4729,-1,5217,-1,5218,-1,5223,-1,-1,-1
benchmarks/ode.abc.blif,87,5229,5219,2,0,14,no-super-best,0,0,2427,39,1,?,5,0,-1,34028234663852885981170418348451692544.000,174.070,-34028234663852885981170418348451692544.000,34028234663852885981170418348451692544.000,OAI211xp5_ASAP7_75t_L,173.970,1.400,3,-1,-1,5070,-1,5190,-1,4729,-1,5219,-1,5222,-1,-1,-1
benchmarks/ode.abc.blif,88,5229,5219,2,0,15,no-supers,0,0,2427,39,1,?,5,0,-1,34028234663852885981170418348451692544.000,174.070,-34028234663852885981170418348451692544.000,34028234663852885981170418348451692544.000,OAI211xp5_ASAP7_75t_L,173.970,1.400,3,-1,-1,3831,-1,5070,-1,4729,-1,5219,-1,5220,-1,-1,-1
benchmarks/ode.abc.blif,89,5229,5219,2,0,16,no-super-best,0,0,2427,39,1,?,5,0,-1,34028234663852885981170418348451692544.000,174.070,-34028234663852885981170418348451692544.000,34028234663852885981170418348451692544.000,OAI211xp5_ASAP7_75t_L,173.970,1.400,-1,-1,-1,3153,-1,3831,-1,4470,-1,5070,-1,5224,-1,-1,-1
benchmarks/ode.abc.blif,90,5229,5219,2,0,17,no-supers,0,0,2427,39,1,?,5,0,-1,34028234663852885981170418348451692544.000,174.070,-34028234663852885981170418348451692544.000,34028234663852885981170418348451692544.000,OAI211xp5_ASAP7_75t_L,173.970,1.400,3,-1,-1,5063,-1,5069,-1,4729,-1,5219,-1,5223,-1,-1,-1
benchmarks/ode.abc.blif,91,5229,5219,2,1,0,accepted-best,1,1,2427,39,1,NOR2xp33_ASAP7_75t_L,2,3,5,185.530,34028234663852885981170418348451692544.000,34028234663852885981170418348451692544.000,0.930,OA211x2_ASAP7_75t_L,177.310,1.870,-1,-1,-1,5070,0,5226,0,-1,-1,-1,-1,-1,-1,-1,-1
benchmarks/ode.abc.blif,92,5229,5219,2,1,1,no-supers,0,0,2427,39,1,?,3,0,-1,34028234663852885981170418348451692544.000,34028234663852885981170418348451692544.000,0.000,34028234663852885981170418348451692544.000,NOR2xp33_ASAP7_75t_L,185.530,0.930,-1,-1,-1,450,-1,3117,-1,5226,-1,-1,-1,-1,-1,-1,-1
benchmarks/ode.abc.blif,93,5229,5219,2,1,2,nonselected,1,0,2427,39,1,NOR3xp33_ASAP7_75t_L,3,4,2,187.030,34028234663852885981170418348451692544.000,34028234663852885981170418348451692544.000,1.170,NOR2xp33_ASAP7_75t_L,185.530,0.930,-1,-1,-1,5063,1,5069,1,5226,0,-1,-1,-1,-1,-1,-1
benchmarks/ode.abc.blif,94,5229,5219,2,1,3,nonselected,1,0,2427,39,1,NOR3xp33_ASAP7_75t_L,3,1,2,180.470,34028234663852885981170418348451692544.000,34028234663852885981170418348451692544.000,1.170,NOR2xp33_ASAP7_75t_L,185.530,0.930,-1,-1,-1,5070,0,4729,1,5224,1,-1,-1,-1,-1,-1,-1
benchmarks/ode.abc.blif,95,5229,5219,2,1,4,no-supers,0,0,2427,39,1,?,4,0,-1,34028234663852885981170418348451692544.000,34028234663852885981170418348451692544.000,0.000,34028234663852885981170418348451692544.000,NOR2xp33_ASAP7_75t_L,185.530,0.930,-1,-1,-1,450,-1,3117,-1,4729,-1,5224,-1,-1,-1,-1,-1
benchmarks/ode.abc.blif,96,5229,5219,2,1,5,nonselected,1,0,2427,39,1,AOI211xp5_ASAP7_75t_L,4,5,1,183.980,34028234663852885981170418348451692544.000,34028234663852885981170418348451692544.000,1.400,NOR2xp33_ASAP7_75t_L,185.530,0.930,2,0,1,5070,0,4729,1,5219,0,5223,1,-1,-1,-1,-1
benchmarks/ode.abc.blif,97,5229,5219,2,1,6,nonselected,1,0,2427,39,1,AOI211xp5_ASAP7_75t_L,4,5,1,181.710,34028234663852885981170418348451692544.000,34028234663852885981170418348451692544.000,1.400,NOR2xp33_ASAP7_75t_L,185.530,0.930,-1,-1,-1,3831,0,4471,1,5070,0,5224,1,-1,-1,-1,-1
benchmarks/ode.abc.blif,98,5229,5219,2,1,7,nonselected,1,0,2427,39,1,NOR4xp25_ASAP7_75t_L,4,0,1,181.620,34028234663852885981170418348451692544.000,34028234663852885981170418348451692544.000,1.400,NOR2xp33_ASAP7_75t_L,185.530,0.930,-1,-1,-1,5063,1,5069,1,4729,1,5224,1,-1,-1,-1,-1
benchmarks/ode.abc.blif,99,5229,5219,2,1,8,no-supers,0,0,2427,39,1,?,5,0,-1,34028234663852885981170418348451692544.000,34028234663852885981170418348451692544.000,0.000,34028234663852885981170418348451692544.000,NOR2xp33_ASAP7_75t_L,185.530,0.930,3,-1,-1,450,-1,3117,-1,4729,-1,5219,-1,5223,-1,-1,-1
benchmarks/ode.abc.blif,100,5229,5219,2,1,9,no-supers,0,0,2427,39,1,?,5,0,-1,34028234663852885981170418348451692544.000,34028234663852885981170418348451692544.000,0.000,34028234663852885981170418348451692544.000,NOR2xp33_ASAP7_75t_L,185.530,0.930,-1,-1,-1,450,-1,3117,-1,3831,-1,4471,-1,5224,-1,-1,-1
benchmarks/ode.abc.blif,101,5229,5219,2,1,10,no-supers,0,0,2427,39,1,?,5,0,-1,34028234663852885981170418348451692544.000,34028234663852885981170418348451692544.000,0.000,34028234663852885981170418348451692544.000,NOR2xp33_ASAP7_75t_L,185.530,0.930,-1,-1,-1,3831,-1,4471,-1,5063,-1,5069,-1,5224,-1,-1,-1
benchmarks/ode.abc.blif,102,5229,5219,2,1,11,nonselected,1,0,2427,39,1,AOI221xp5_ASAP7_75t_L,5,13,1,184.330,34028234663852885981170418348451692544.000,34028234663852885981170418348451692544.000,1.630,NOR2xp33_ASAP7_75t_L,185.530,0.930,3,0,1,3831,0,4471,1,5070,0,5219,0,5223,1,-1,-1
benchmarks/ode.abc.blif,103,5229,5219,2,1,12,no-supers,0,0,2427,39,1,?,5,0,-1,34028234663852885981170418348451692544.000,34028234663852885981170418348451692544.000,0.000,34028234663852885981170418348451692544.000,NOR2xp33_ASAP7_75t_L,185.530,0.930,3,-1,-1,3831,-1,4471,-1,5070,-1,5219,-1,5220,-1,-1,-1
benchmarks/ode.abc.blif,104,5229,5219,2,1,13,no-supers,0,0,2427,39,1,?,5,0,-1,34028234663852885981170418348451692544.000,34028234663852885981170418348451692544.000,0.000,34028234663852885981170418348451692544.000,NOR2xp33_ASAP7_75t_L,185.530,0.930,-1,-1,-1,5070,-1,4729,-1,5217,-1,5218,-1,5223,-1,-1,-1
benchmarks/ode.abc.blif,105,5229,5219,2,1,14,nonselected,1,0,2427,39,1,AOI311xp33_ASAP7_75t_L,5,27,1,184.390,34028234663852885981170418348451692544.000,34028234663852885981170418348451692544.000,2.560,NOR2xp33_ASAP7_75t_L,185.530,0.930,3,0,1,5070,0,5190,0,4729,1,5219,0,5222,0,-1,-1
benchmarks/ode.abc.blif,106,5229,5219,2,1,15,no-supers,0,0,2427,39,1,?,5,0,-1,34028234663852885981170418348451692544.000,34028234663852885981170418348451692544.000,0.000,34028234663852885981170418348451692544.000,NOR2xp33_ASAP7_75t_L,185.530,0.930,3,-1,-1,3831,-1,5070,-1,4729,-1,5219,-1,5220,-1,-1,-1
benchmarks/ode.abc.blif,107,5229,5219,2,1,16,nonselected,1,0,2427,39,1,AOI311xp33_ASAP7_75t_L,5,11,1,182.150,34028234663852885981170418348451692544.000,34028234663852885981170418348451692544.000,1.630,NOR2xp33_ASAP7_75t_L,185.530,0.930,-1,-1,-1,3153,0,3831,0,4470,1,5070,0,5224,1,-1,-1
benchmarks/ode.abc.blif,108,5229,5219,2,1,17,no-supers,0,0,2427,39,1,?,5,0,-1,34028234663852885981170418348451692544.000,34028234663852885981170418348451692544.000,0.000,34028234663852885981170418348451692544.000,NOR2xp33_ASAP7_75t_L,185.530,0.930,3,-1,-1,5063,-1,5069,-1,4729,-1,5219,-1,5223,-1,-1,-1
benchmarks/ode.abc.blif,109,5229,5219,3,0,0,violates-required,0,0,2427,39,1,NAND2xp33_ASAP7_75t_L,2,0,5,189.770,174.050,-15.720,0.930,OAI211xp5_ASAP7_75t_L,173.970,1.400,-1,-1,-1,5070,1,5226,1,-1,-1,-1,-1,-1,-1,-1,-1
benchmarks/ode.abc.blif,110,5229,5219,3,0,1,no-supers,0,0,2427,39,1,?,3,0,-1,34028234663852885981170418348451692544.000,174.050,-34028234663852885981170418348451692544.000,34028234663852885981170418348451692544.000,OAI211xp5_ASAP7_75t_L,173.970,1.400,-1,-1,-1,450,-1,3117,-1,5226,-1,-1,-1,-1,-1,-1,-1
benchmarks/ode.abc.blif,111,5229,5219,3,0,2,no-super-best,0,0,2427,39,1,?,3,0,-1,34028234663852885981170418348451692544.000,174.050,-34028234663852885981170418348451692544.000,34028234663852885981170418348451692544.000,OAI211xp5_ASAP7_75t_L,173.970,1.400,-1,-1,-1,5063,-1,5069,-1,5226,-1,-1,-1,-1,-1,-1,-1
benchmarks/ode.abc.blif,112,5229,5219,3,0,3,violates-required,0,0,2427,39,1,NAND3xp33_ASAP7_75t_L,3,6,2,177.020,174.050,-2.970,1.170,OAI211xp5_ASAP7_75t_L,173.970,1.400,-1,-1,-1,5070,1,4729,0,5224,0,-1,-1,-1,-1,-1,-1
benchmarks/ode.abc.blif,113,5229,5219,3,0,4,no-supers,0,0,2427,39,1,?,4,0,-1,34028234663852885981170418348451692544.000,174.050,-34028234663852885981170418348451692544.000,34028234663852885981170418348451692544.000,OAI211xp5_ASAP7_75t_L,173.970,1.400,-1,-1,-1,450,-1,3117,-1,4729,-1,5224,-1,-1,-1,-1,-1
benchmarks/ode.abc.blif,114,5229,5219,3,0,5,nonselected,1,0,2427,39,1,OAI211xp5_ASAP7_75t_L,4,10,1,173.970,174.050,0.080,1.400,OAI211xp5_ASAP7_75t_L,173.970,1.400,2,1,0,5070,1,4729,0,5219,1,5223,0,-1,-1,-1,-1
benchmarks/ode.abc.blif,115,5229,5219,3,0,6,no-super-best,0,0,2427,39,1,?,4,0,-1,34028234663852885981170418348451692544.000,174.050,-34028234663852885981170418348451692544.000,34028234663852885981170418348451692544.000,OAI211xp5_ASAP7_75t_L,173.970,1.400,-1,-1,-1,3831,-1,4471,-1,5070,-1,5224,-1,-1,-1,-1,-1
benchmarks/ode.abc.blif,116,5229,5219,3,0,7,no-super-best,0,0,2427,39,1,?,4,0,-1,34028234663852885981170418348451692544.000,174.050,-34028234663852885981170418348451692544.000,34028234663852885981170418348451692544.000,OAI211xp5_ASAP7_75t_L,173.970,1.400,-1,-1,-1,5063,-1,5069,-1,4729,-1,5224,-1,-1,-1,-1,-1
benchmarks/ode.abc.blif,117,5229,5219,3,0,8,no-supers,0,0,2427,39,1,?,5,0,-1,34028234663852885981170418348451692544.000,174.050,-34028234663852885981170418348451692544.000,34028234663852885981170418348451692544.000,OAI211xp5_ASAP7_75t_L,173.970,1.400,3,-1,-1,450,-1,3117,-1,4729,-1,5219,-1,5223,-1,-1,-1
benchmarks/ode.abc.blif,118,5229,5219,3,0,9,no-supers,0,0,2427,39,1,?,5,0,-1,34028234663852885981170418348451692544.000,174.050,-34028234663852885981170418348451692544.000,34028234663852885981170418348451692544.000,OAI211xp5_ASAP7_75t_L,173.970,1.400,-1,-1,-1,450,-1,3117,-1,3831,-1,4471,-1,5224,-1,-1,-1
benchmarks/ode.abc.blif,119,5229,5219,3,0,10,no-supers,0,0,2427,39,1,?,5,0,-1,34028234663852885981170418348451692544.000,174.050,-34028234663852885981170418348451692544.000,34028234663852885981170418348451692544.000,OAI211xp5_ASAP7_75t_L,173.970,1.400,-1,-1,-1,3831,-1,4471,-1,5063,-1,5069,-1,5224,-1,-1,-1
benchmarks/ode.abc.blif,120,5229,5219,3,0,11,no-super-best,0,0,2427,39,1,?,5,0,-1,34028234663852885981170418348451692544.000,174.050,-34028234663852885981170418348451692544.000,34028234663852885981170418348451692544.000,OAI211xp5_ASAP7_75t_L,173.970,1.400,3,-1,-1,3831,-1,4471,-1,5070,-1,5219,-1,5223,-1,-1,-1
benchmarks/ode.abc.blif,121,5229,5219,3,0,12,no-supers,0,0,2427,39,1,?,5,0,-1,34028234663852885981170418348451692544.000,174.050,-34028234663852885981170418348451692544.000,34028234663852885981170418348451692544.000,OAI211xp5_ASAP7_75t_L,173.970,1.400,3,-1,-1,3831,-1,4471,-1,5070,-1,5219,-1,5220,-1,-1,-1
benchmarks/ode.abc.blif,122,5229,5219,3,0,13,no-supers,0,0,2427,39,1,?,5,0,-1,34028234663852885981170418348451692544.000,174.050,-34028234663852885981170418348451692544.000,34028234663852885981170418348451692544.000,OAI211xp5_ASAP7_75t_L,173.970,1.400,-1,-1,-1,5070,-1,4729,-1,5217,-1,5218,-1,5223,-1,-1,-1
benchmarks/ode.abc.blif,123,5229,5219,3,0,14,no-super-best,0,0,2427,39,1,?,5,0,-1,34028234663852885981170418348451692544.000,174.050,-34028234663852885981170418348451692544.000,34028234663852885981170418348451692544.000,OAI211xp5_ASAP7_75t_L,173.970,1.400,3,-1,-1,5070,-1,5190,-1,4729,-1,5219,-1,5222,-1,-1,-1
benchmarks/ode.abc.blif,124,5229,5219,3,0,15,no-supers,0,0,2427,39,1,?,5,0,-1,34028234663852885981170418348451692544.000,174.050,-34028234663852885981170418348451692544.000,34028234663852885981170418348451692544.000,OAI211xp5_ASAP7_75t_L,173.970,1.400,3,-1,-1,3831,-1,5070,-1,4729,-1,5219,-1,5220,-1,-1,-1
benchmarks/ode.abc.blif,125,5229,5219,3,0,16,no-super-best,0,0,2427,39,1,?,5,0,-1,34028234663852885981170418348451692544.000,174.050,-34028234663852885981170418348451692544.000,34028234663852885981170418348451692544.000,OAI211xp5_ASAP7_75t_L,173.970,1.400,-1,-1,-1,3153,-1,3831,-1,4470,-1,5070,-1,5224,-1,-1,-1
benchmarks/ode.abc.blif,126,5229,5219,3,0,17,no-supers,0,0,2427,39,1,?,5,0,-1,34028234663852885981170418348451692544.000,174.050,-34028234663852885981170418348451692544.000,34028234663852885981170418348451692544.000,OAI211xp5_ASAP7_75t_L,173.970,1.400,3,-1,-1,5063,-1,5069,-1,4729,-1,5219,-1,5223,-1,-1,-1
benchmarks/ode.abc.blif,127,5229,5219,3,1,0,nonselected,1,0,2427,39,1,NOR2xp33_ASAP7_75t_L,2,3,5,183.440,34028234663852885981170418348451692544.000,34028234663852885981170418348451692544.000,0.930,NOR2xp33_ASAP7_75t_L,183.440,0.930,-1,-1,-1,5070,0,5226,0,-1,-1,-1,-1,-1,-1,-1,-1
benchmarks/ode.abc.blif,128,5229,5219,3,1,1,no-supers,0,0,2427,39,1,?,3,0,-1,34028234663852885981170418348451692544.000,34028234663852885981170418348451692544.000,0.000,34028234663852885981170418348451692544.000,NOR2xp33_ASAP7_75t_L,183.440,0.930,-1,-1,-1,450,-1,3117,-1,5226,-1,-1,-1,-1,-1,-1,-1
benchmarks/ode.abc.blif,129,5229,5219,3,1,2,nonselected,1,0,2427,39,1,NOR3xp33_ASAP7_75t_L,3,4,2,184.940,34028234663852885981170418348451692544.000,34028234663852885981170418348451692544.000,1.170,NOR2xp33_ASAP7_75t_L,183.440,0.930,-1,-1,-1,5063,1,5069,1,5226,0,-1,-1,-1,-1,-1,-1
benchmarks/ode.abc.blif,130,5229,5219,3,1,3,nonselected,1,0,2427,39,1,NOR3xp33_ASAP7_75t_L,3,1,2,180.470,34028234663852885981170418348451692544.000,34028234663852885981170418348451692544.000,1.170,NOR2xp33_ASAP7_75t_L,183.440,0.930,-1,-1,-1,5070,0,4729,1,5224,1,-1,-1,-1,-1,-1,-1
benchmarks/ode.abc.blif,131,5229,5219,3,1,4,no-supers,0,0,2427,39,1,?,4,0,-1,34028234663852885981170418348451692544.000,34028234663852885981170418348451692544.000,0.000,34028234663852885981170418348451692544.000,NOR2xp33_ASAP7_75t_L,183.440,0.930,-1,-1,-1,450,-1,3117,-1,4729,-1,5224,-1,-1,-1,-1,-1
benchmarks/ode.abc.blif,132,5229,5219,3,1,5,nonselected,1,0,2427,39,1,AOI211xp5_ASAP7_75t_L,4,5,1,183.980,34028234663852885981170418348451692544.000,34028234663852885981170418348451692544.000,1.400,NOR2xp33_ASAP7_75t_L,183.440,0.930,2,0,1,5070,0,4729,1,5219,0,5223,1,-1,-1,-1,-1
benchmarks/ode.abc.blif,133,5229,5219,3,1,6,nonselected,1,0,2427,39,1,AOI211xp5_ASAP7_75t_L,4,5,1,181.710,34028234663852885981170418348451692544.000,34028234663852885981170418348451692544.000,1.400,NOR2xp33_ASAP7_75t_L,183.440,0.930,-1,-1,-1,3831,0,4471,1,5070,0,5224,1,-1,-1,-1,-1
benchmarks/ode.abc.blif,134,5229,5219,3,1,7,nonselected,1,0,2427,39,1,NOR4xp25_ASAP7_75t_L,4,0,1,181.620,34028234663852885981170418348451692544.000,34028234663852885981170418348451692544.000,1.400,NOR2xp33_ASAP7_75t_L,183.440,0.930,-1,-1,-1,5063,1,5069,1,4729,1,5224,1,-1,-1,-1,-1
benchmarks/ode.abc.blif,135,5229,5219,3,1,8,no-supers,0,0,2427,39,1,?,5,0,-1,34028234663852885981170418348451692544.000,34028234663852885981170418348451692544.000,0.000,34028234663852885981170418348451692544.000,NOR2xp33_ASAP7_75t_L,183.440,0.930,3,-1,-1,450,-1,3117,-1,4729,-1,5219,-1,5223,-1,-1,-1
benchmarks/ode.abc.blif,136,5229,5219,3,1,9,no-supers,0,0,2427,39,1,?,5,0,-1,34028234663852885981170418348451692544.000,34028234663852885981170418348451692544.000,0.000,34028234663852885981170418348451692544.000,NOR2xp33_ASAP7_75t_L,183.440,0.930,-1,-1,-1,450,-1,3117,-1,3831,-1,4471,-1,5224,-1,-1,-1
benchmarks/ode.abc.blif,137,5229,5219,3,1,10,no-supers,0,0,2427,39,1,?,5,0,-1,34028234663852885981170418348451692544.000,34028234663852885981170418348451692544.000,0.000,34028234663852885981170418348451692544.000,NOR2xp33_ASAP7_75t_L,183.440,0.930,-1,-1,-1,3831,-1,4471,-1,5063,-1,5069,-1,5224,-1,-1,-1
benchmarks/ode.abc.blif,138,5229,5219,3,1,11,nonselected,1,0,2427,39,1,AOI221xp5_ASAP7_75t_L,5,13,1,184.330,34028234663852885981170418348451692544.000,34028234663852885981170418348451692544.000,1.630,NOR2xp33_ASAP7_75t_L,183.440,0.930,3,0,1,3831,0,4471,1,5070,0,5219,0,5223,1,-1,-1
benchmarks/ode.abc.blif,139,5229,5219,3,1,12,no-supers,0,0,2427,39,1,?,5,0,-1,34028234663852885981170418348451692544.000,34028234663852885981170418348451692544.000,0.000,34028234663852885981170418348451692544.000,NOR2xp33_ASAP7_75t_L,183.440,0.930,3,-1,-1,3831,-1,4471,-1,5070,-1,5219,-1,5220,-1,-1,-1
benchmarks/ode.abc.blif,140,5229,5219,3,1,13,no-supers,0,0,2427,39,1,?,5,0,-1,34028234663852885981170418348451692544.000,34028234663852885981170418348451692544.000,0.000,34028234663852885981170418348451692544.000,NOR2xp33_ASAP7_75t_L,183.440,0.930,-1,-1,-1,5070,-1,4729,-1,5217,-1,5218,-1,5223,-1,-1,-1
benchmarks/ode.abc.blif,141,5229,5219,3,1,14,nonselected,1,0,2427,39,1,AOI311xp33_ASAP7_75t_L,5,27,1,184.390,34028234663852885981170418348451692544.000,34028234663852885981170418348451692544.000,2.560,NOR2xp33_ASAP7_75t_L,183.440,0.930,3,0,1,5070,0,5190,0,4729,1,5219,0,5222,0,-1,-1
benchmarks/ode.abc.blif,142,5229,5219,3,1,15,no-supers,0,0,2427,39,1,?,5,0,-1,34028234663852885981170418348451692544.000,34028234663852885981170418348451692544.000,0.000,34028234663852885981170418348451692544.000,NOR2xp33_ASAP7_75t_L,183.440,0.930,3,-1,-1,3831,-1,5070,-1,4729,-1,5219,-1,5220,-1,-1,-1
benchmarks/ode.abc.blif,143,5229,5219,3,1,16,nonselected,1,0,2427,39,1,AOI311xp33_ASAP7_75t_L,5,11,1,182.150,34028234663852885981170418348451692544.000,34028234663852885981170418348451692544.000,1.630,NOR2xp33_ASAP7_75t_L,183.440,0.930,-1,-1,-1,3153,0,3831,0,4470,1,5070,0,5224,1,-1,-1
benchmarks/ode.abc.blif,144,5229,5219,3,1,17,no-supers,0,0,2427,39,1,?,5,0,-1,34028234663852885981170418348451692544.000,34028234663852885981170418348451692544.000,0.000,34028234663852885981170418348451692544.000,NOR2xp33_ASAP7_75t_L,183.440,0.930,3,-1,-1,5063,-1,5069,-1,4729,-1,5219,-1,5223,-1,-1,-1
benchmarks/or1200.abc.blif,1,13829,11491,0,0,0,accepted-best,1,1,11983,8,4,NAND2xp33_ASAP7_75t_L,2,2,5,45.500,34028234663852885981170418348451692544.000,34028234663852885981170418348451692544.000,4.963,?,34028234663852885981170418348451692544.000,34028234663852885981170418348451692544.000,0,1,0,11491,1,13828,0,-1,-1,-1,-1,-1,-1,-1,-1
benchmarks/or1200.abc.blif,2,13829,11491,0,0,1,no-super-best,0,0,11983,8,4,?,3,0,-1,34028234663852885981170418348451692544.000,34028234663852885981170418348451692544.000,0.000,34028234663852885981170418348451692544.000,NAND2xp33_ASAP7_75t_L,45.500,4.963,-1,-1,-1,11486,-1,11490,-1,13828,-1,-1,-1,-1,-1,-1,-1
benchmarks/or1200.abc.blif,3,13829,11491,0,0,2,no-super-best,0,0,11983,8,4,?,3,0,-1,34028234663852885981170418348451692544.000,34028234663852885981170418348451692544.000,0.000,34028234663852885981170418348451692544.000,NAND2xp33_ASAP7_75t_L,45.500,4.963,2,-1,-1,1490,-1,11483,-1,11491,-1,-1,-1,-1,-1,-1,-1
benchmarks/or1200.abc.blif,4,13829,11491,0,0,3,no-super-best,0,0,11983,8,4,?,4,0,-1,34028234663852885981170418348451692544.000,34028234663852885981170418348451692544.000,0.000,34028234663852885981170418348451692544.000,NAND2xp33_ASAP7_75t_L,45.500,4.963,-1,-1,-1,11169,-1,11485,-1,11490,-1,13828,-1,-1,-1,-1,-1
benchmarks/or1200.abc.blif,5,13829,11491,0,0,4,no-super-best,0,0,11983,8,4,?,4,0,-1,34028234663852885981170418348451692544.000,34028234663852885981170418348451692544.000,0.000,34028234663852885981170418348451692544.000,NAND2xp33_ASAP7_75t_L,45.500,4.963,-1,-1,-1,11486,-1,11487,-1,11489,-1,13828,-1,-1,-1,-1,-1
benchmarks/or1200.abc.blif,6,13829,11491,0,0,5,no-super-best,0,0,11983,8,4,?,4,0,-1,34028234663852885981170418348451692544.000,34028234663852885981170418348451692544.000,0.000,34028234663852885981170418348451692544.000,NAND2xp33_ASAP7_75t_L,45.500,4.963,3,-1,-1,1193,-1,1490,-1,11169,-1,11491,-1,-1,-1,-1,-1
benchmarks/or1200.abc.blif,7,13829,11491,0,0,6,no-super-best,0,0,11983,8,4,?,4,0,-1,34028234663852885981170418348451692544.000,34028234663852885981170418348451692544.000,0.000,34028234663852885981170418348451692544.000,NAND2xp33_ASAP7_75t_L,45.500,4.963,-1,-1,-1,1490,-1,11483,-1,11486,-1,11490,-1,-1,-1,-1,-1
benchmarks/or1200.abc.blif,8,13829,11491,0,0,7,no-super-best,0,0,11983,8,4,?,5,0,-1,34028234663852885981170418348451692544.000,34028234663852885981170418348451692544.000,0.000,34028234663852885981170418348451692544.000,NAND2xp33_ASAP7_75t_L,45.500,4.963,-1,-1,-1,1994,-1,11169,-1,11484,-1,11490,-1,13828,-1,-1,-1
benchmarks/or1200.abc.blif,9,13829,11491,0,0,8,no-supers,0,0,11983,8,4,?,5,0,-1,34028234663852885981170418348451692544.000,34028234663852885981170418348451692544.000,0.000,34028234663852885981170418348451692544.000,NAND2xp33_ASAP7_75t_L,45.500,4.963,-1,-1,-1,1193,-1,1994,-1,11484,-1,11486,-1,13828,-1,-1,-1
benchmarks/or1200.abc.blif,10,13829,11491,0,0,9,no-supers,0,0,11983,8,4,?,5,0,-1,34028234663852885981170418348451692544.000,34028234663852885981170418348451692544.000,0.000,34028234663852885981170418348451692544.000,NAND2xp33_ASAP7_75t_L,45.500,4.963,-1,-1,-1,1193,-1,1490,-1,11169,-1,11485,-1,11490,-1,-1,-1
benchmarks/or1200.abc.blif,11,13829,11491,0,0,10,no-super-best,0,0,11983,8,4,?,5,0,-1,34028234663852885981170418348451692544.000,34028234663852885981170418348451692544.000,0.000,34028234663852885981170418348451692544.000,NAND2xp33_ASAP7_75t_L,45.500,4.963,-1,-1,-1,1490,-1,11169,-1,11483,-1,11485,-1,11490,-1,-1,-1
benchmarks/or1200.abc.blif,12,13829,11491,0,0,11,no-supers,0,0,11983,8,4,?,5,0,-1,34028234663852885981170418348451692544.000,34028234663852885981170418348451692544.000,0.000,34028234663852885981170418348451692544.000,NAND2xp33_ASAP7_75t_L,45.500,4.963,4,-1,-1,1193,-1,1490,-1,11162,-1,11168,-1,11491,-1,-1,-1
benchmarks/or1200.abc.blif,13,13829,11491,0,0,12,no-super-best,0,0,11983,8,4,?,5,0,-1,34028234663852885981170418348451692544.000,34028234663852885981170418348451692544.000,0.000,34028234663852885981170418348451692544.000,NAND2xp33_ASAP7_75t_L,45.500,4.963,-1,-1,-1,1490,-1,11483,-1,11486,-1,11487,-1,11489,-1,-1,-1
benchmarks/or1200.abc.blif,14,13829,11491,0,0,13,no-super-best,0,0,11983,8,4,?,5,0,-1,34028234663852885981170418348451692544.000,34028234663852885981170418348451692544.000,0.000,34028234663852885981170418348451692544.000,NAND2xp33_ASAP7_75t_L,45.500,4.963,-1,-1,-1,1193,-1,1490,-1,11169,-1,11486,-1,11490,-1,-1,-1
benchmarks/or1200.abc.blif,15,13829,11491,0,0,14,no-supers,0,0,11983,8,4,?,5,0,-1,34028234663852885981170418348451692544.000,34028234663852885981170418348451692544.000,0.000,34028234663852885981170418348451692544.000,NAND2xp33_ASAP7_75t_L,45.500,4.963,-1,-1,-1,1193,-1,1994,-1,11486,-1,11489,-1,13828,-1,-1,-1
benchmarks/or1200.abc.blif,16,13829,11491,0,0,15,no-super-best,0,0,11983,8,4,?,5,0,-1,34028234663852885981170418348451692544.000,34028234663852885981170418348451692544.000,0.000,34028234663852885981170418348451692544.000,NAND2xp33_ASAP7_75t_L,45.500,4.963,-1,-1,-1,11169,-1,11485,-1,11487,-1,11489,-1,13828,-1,-1,-1
benchmarks/or1200.abc.blif,17,13829,11491,0,0,16,no-supers,0,0,11983,8,4,?,5,0,-1,34028234663852885981170418348451692544.000,34028234663852885981170418348451692544.000,0.000,34028234663852885981170418348451692544.000,NAND2xp33_ASAP7_75t_L,45.500,4.963,-1,-1,-1,1193,-1,1490,-1,1994,-1,11169,-1,11484,-1,-1,-1
benchmarks/or1200.abc.blif,18,13829,11491,0,0,17,no-supers,0,0,11983,8,4,?,5,0,-1,34028234663852885981170418348451692544.000,34028234663852885981170418348451692544.000,0.000,34028234663852885981170418348451692544.000,NAND2xp33_ASAP7_75t_L,45.500,4.963,-1,-1,-1,1193,-1,1994,-1,11169,-1,11484,-1,13828,-1,-1,-1
benchmarks/or1200.abc.blif,19,13829,11491,0,0,18,no-supers,0,0,11983,8,4,?,5,0,-1,34028234663852885981170418348451692544.000,34028234663852885981170418348451692544.000,0.000,34028234663852885981170418348451692544.000,NAND2xp33_ASAP7_75t_L,45.500,4.963,-1,-1,-1,11162,-1,11168,-1,11485,-1,11490,-1,13828,-1,-1,-1
benchmarks/or1200.abc.blif,20,13829,11491,0,0,19,no-super-best,0,0,11983,8,4,?,5,0,-1,34028234663852885981170418348451692544.000,34028234663852885981170418348451692544.000,0.000,34028234663852885981170418348451692544.000,NAND2xp33_ASAP7_75t_L,45.500,4.963,-1,-1,-1,11484,-1,11486,-1,11487,-1,11488,-1,13828,-1,-1,-1
benchmarks/or1200.abc.blif,21,13829,11491,0,1,0,accepted-best,1,1,11983,8,4,NOR2xp33_ASAP7_75t_L,2,1,5,46.230,34028234663852885981170418348451692544.000,34028234663852885981170418348451692544.000,5.013,?,34028234663852885981170418348451692544.000,34028234663852885981170418348451692544.000,0,0,1,11491,0,13828,1,-1,-1,-1,-1,-1,-1,-1,-1
benchmarks/or1200.abc.blif,22,13829,11491,0,1,1,no-super-best,0,0,11983,8,4,?,3,0,-1,34028234663852885981170418348451692544.000,34028234663852885981170418348451692544.000,0.000,34028234663852885981170418348451692544.000,NOR2xp33_ASAP7_75t_L,46.230,5.013,-1,-1,-1,11486,-1,11490,-1,13828,-1,-1,-1,-1,-1,-1,-1
benchmarks/or1200.abc.blif,23,13829,11491,0,1,2,no-super-best,0,0,11983,8,4,?,3,0,-1,34028234663852885981170418348451692544.000,34028234663852885981170418348451692544.000,0.000,34028234663852885981170418348451692544.000,NOR2xp33_ASAP7_75t_L,46.230,5.013,2,-1,-1,1490,-1,11483,-1,11491,-1,-1,-1,-1,-1,-1,-1
benchmarks/or1200.abc.blif,24,13829,11491,0,1,3,no-super-best,0,0,11983,8,4,?,4,0,-1,34028234663852885981170418348451692544.000,34028234663852885981170418348451692544.000,0.000,34028234663852885981170418348451692544.000,NOR2xp33_ASAP7_75t_L,46.230,5.013,-1,-1,-1,11169,-1,11485,-1,11490,-1,13828,-1,-1,-1,-1,-1
benchmarks/or1200.abc.blif,25,13829,11491,0,1,4,no-super-best,0,0,11983,8,4,?,4,0,-1,34028234663852885981170418348451692544.000,34028234663852885981170418348451692544.000,0.000,34028234663852885981170418348451692544.000,NOR2xp33_ASAP7_75t_L,46.230,5.013,-1,-1,-1,11486,-1,11487,-1,11489,-1,13828,-1,-1,-1,-1,-1
benchmarks/or1200.abc.blif,26,13829,11491,0,1,5,no-super-best,0,0,11983,8,4,?,4,0,-1,34028234663852885981170418348451692544.000,34028234663852885981170418348451692544.000,0.000,34028234663852885981170418348451692544.000,NOR2xp33_ASAP7_75t_L,46.230,5.013,3,-1,-1,1193,-1,1490,-1,11169,-1,11491,-1,-1,-1,-1,-1
benchmarks/or1200.abc.blif,27,13829,11491,0,1,6,no-super-best,0,0,11983,8,4,?,4,0,-1,34028234663852885981170418348451692544.000,34028234663852885981170418348451692544.000,0.000,34028234663852885981170418348451692544.000,NOR2xp33_ASAP7_75t_L,46.230,5.013,-1,-1,-1,1490,-1,11483,-1,11486,-1,11490,-1,-1,-1,-1,-1
benchmarks/or1200.abc.blif,28,13829,11491,0,1,7,no-super-best,0,0,11983,8,4,?,5,0,-1,34028234663852885981170418348451692544.000,34028234663852885981170418348451692544.000,0.000,34028234663852885981170418348451692544.000,NOR2xp33_ASAP7_75t_L,46.230,5.013,-1,-1,-1,1994,-1,11169,-1,11484,-1,11490,-1,13828,-1,-1,-1
benchmarks/or1200.abc.blif,29,13829,11491,0,1,8,no-supers,0,0,11983,8,4,?,5,0,-1,34028234663852885981170418348451692544.000,34028234663852885981170418348451692544.000,0.000,34028234663852885981170418348451692544.000,NOR2xp33_ASAP7_75t_L,46.230,5.013,-1,-1,-1,1193,-1,1994,-1,11484,-1,11486,-1,13828,-1,-1,-1
benchmarks/or1200.abc.blif,30,13829,11491,0,1,9,accepted-best,1,1,11983,8,4,A2O1A1O1Ixp25_ASAP7_75t_L,5,6,1,40.640,34028234663852885981170418348451692544.000,34028234663852885981170418348451692544.000,3.955,NOR2xp33_ASAP7_75t_L,46.230,5.013,-1,-1,-1,1193,1,1490,0,11169,0,11485,1,11490,1,-1,-1
benchmarks/or1200.abc.blif,31,13829,11491,0,1,10,no-super-best,0,0,11983,8,4,?,5,0,-1,34028234663852885981170418348451692544.000,34028234663852885981170418348451692544.000,0.000,34028234663852885981170418348451692544.000,A2O1A1O1Ixp25_ASAP7_75t_L,40.640,3.955,-1,-1,-1,1490,-1,11169,-1,11483,-1,11485,-1,11490,-1,-1,-1
benchmarks/or1200.abc.blif,32,13829,11491,0,1,11,no-supers,0,0,11983,8,4,?,5,0,-1,34028234663852885981170418348451692544.000,34028234663852885981170418348451692544.000,0.000,34028234663852885981170418348451692544.000,A2O1A1O1Ixp25_ASAP7_75t_L,40.640,3.955,4,-1,-1,1193,-1,1490,-1,11162,-1,11168,-1,11491,-1,-1,-1
benchmarks/or1200.abc.blif,33,13829,11491,0,1,12,no-super-best,0,0,11983,8,4,?,5,0,-1,34028234663852885981170418348451692544.000,34028234663852885981170418348451692544.000,0.000,34028234663852885981170418348451692544.000,A2O1A1O1Ixp25_ASAP7_75t_L,40.640,3.955,-1,-1,-1,1490,-1,11483,-1,11486,-1,11487,-1,11489,-1,-1,-1
benchmarks/or1200.abc.blif,34,13829,11491,0,1,13,no-super-best,0,0,11983,8,4,?,5,0,-1,34028234663852885981170418348451692544.000,34028234663852885981170418348451692544.000,0.000,34028234663852885981170418348451692544.000,A2O1A1O1Ixp25_ASAP7_75t_L,40.640,3.955,-1,-1,-1,1193,-1,1490,-1,11169,-1,11486,-1,11490,-1,-1,-1
benchmarks/or1200.abc.blif,35,13829,11491,0,1,14,no-supers,0,0,11983,8,4,?,5,0,-1,34028234663852885981170418348451692544.000,34028234663852885981170418348451692544.000,0.000,34028234663852885981170418348451692544.000,A2O1A1O1Ixp25_ASAP7_75t_L,40.640,3.955,-1,-1,-1,1193,-1,1994,-1,11486,-1,11489,-1,13828,-1,-1,-1
benchmarks/or1200.abc.blif,36,13829,11491,0,1,15,no-super-best,0,0,11983,8,4,?,5,0,-1,34028234663852885981170418348451692544.000,34028234663852885981170418348451692544.000,0.000,34028234663852885981170418348451692544.000,A2O1A1O1Ixp25_ASAP7_75t_L,40.640,3.955,-1,-1,-1,11169,-1,11485,-1,11487,-1,11489,-1,13828,-1,-1,-1
benchmarks/or1200.abc.blif,37,13829,11491,0,1,16,no-supers,0,0,11983,8,4,?,5,0,-1,34028234663852885981170418348451692544.000,34028234663852885981170418348451692544.000,0.000,34028234663852885981170418348451692544.000,A2O1A1O1Ixp25_ASAP7_75t_L,40.640,3.955,-1,-1,-1,1193,-1,1490,-1,1994,-1,11169,-1,11484,-1,-1,-1
benchmarks/or1200.abc.blif,38,13829,11491,0,1,17,no-supers,0,0,11983,8,4,?,5,0,-1,34028234663852885981170418348451692544.000,34028234663852885981170418348451692544.000,0.000,34028234663852885981170418348451692544.000,A2O1A1O1Ixp25_ASAP7_75t_L,40.640,3.955,-1,-1,-1,1193,-1,1994,-1,11169,-1,11484,-1,13828,-1,-1,-1
benchmarks/or1200.abc.blif,39,13829,11491,0,1,18,no-supers,0,0,11983,8,4,?,5,0,-1,34028234663852885981170418348451692544.000,34028234663852885981170418348451692544.000,0.000,34028234663852885981170418348451692544.000,A2O1A1O1Ixp25_ASAP7_75t_L,40.640,3.955,-1,-1,-1,11162,-1,11168,-1,11485,-1,11490,-1,13828,-1,-1,-1
benchmarks/or1200.abc.blif,40,13829,11491,0,1,19,no-super-best,0,0,11983,8,4,?,5,0,-1,34028234663852885981170418348451692544.000,34028234663852885981170418348451692544.000,0.000,34028234663852885981170418348451692544.000,A2O1A1O1Ixp25_ASAP7_75t_L,40.640,3.955,-1,-1,-1,11484,-1,11486,-1,11487,-1,11488,-1,13828,-1,-1,-1
benchmarks/or1200.abc.blif,41,13829,11491,1,0,0,accepted-best,1,1,11983,8,4,NAND2xp33_ASAP7_75t_L,2,2,5,74.860,418.210,343.350,2.394,NAND2xp33_ASAP7_75t_L,74.860,4.963,0,1,0,11491,1,13828,0,-1,-1,-1,-1,-1,-1,-1,-1
benchmarks/or1200.abc.blif,42,13829,11491,1,0,1,nonselected,1,0,11983,8,4,OR3x1_ASAP7_75t_L,3,0,2,70.570,418.210,347.640,4.542,NAND2xp33_ASAP7_75t_L,74.860,2.394,-1,-1,-1,11486,1,11490,1,13828,1,-1,-1,-1,-1,-1,-1
benchmarks/or1200.abc.blif,43,13829,11491,1,0,2,nonselected,1,0,11983,8,4,OAI21xp33_ASAP7_75t_L,3,2,2,75.420,418.210,342.790,2.670,NAND2xp33_ASAP7_75t_L,74.860,2.394,2,1,0,1490,1,11483,0,11491,1,-1,-1,-1,-1,-1,-1
benchmarks/or1200.abc.blif,44,13829,11491,1,0,3,skip-fanout,0,0,11983,8,4,?,4,0,-1,34028234663852885981170418348451692544.000,418.210,-34028234663852885981170418348451692544.000,34028234663852885981170418348451692544.000,NAND2xp33_ASAP7_75t_L,74.860,2.394,-1,-1,-1,11169,-1,11485,-1,11490,-1,13828,-1,-1,-1,-1,-1
benchmarks/or1200.abc.blif,45,13829,11491,1,0,4,skip-fanout,0,0,11983,8,4,?,4,0,-1,34028234663852885981170418348451692544.000,418.210,-34028234663852885981170418348451692544.000,34028234663852885981170418348451692544.000,NAND2xp33_ASAP7_75t_L,74.860,2.394,-1,-1,-1,11486,-1,11487,-1,11489,-1,13828,-1,-1,-1,-1,-1
benchmarks/or1200.abc.blif,46,13829,11491,1,0,5,skip-fanout,0,0,11983,8,4,?,4,0,-1,34028234663852885981170418348451692544.000,418.210,-34028234663852885981170418348451692544.000,34028234663852885981170418348451692544.000,NAND2xp33_ASAP7_75t_L,74.860,2.394,3,-1,-1,1193,-1,1490,-1,11169,-1,11491,-1,-1,-1,-1,-1
benchmarks/or1200.abc.blif,47,13829,11491,1,0,6,skip-fanout,0,0,11983,8,4,?,4,0,-1,34028234663852885981170418348451692544.000,418.210,-34028234663852885981170418348451692544.000,34028234663852885981170418348451692544.000,NAND2xp33_ASAP7_75t_L,74.860,2.394,-1,-1,-1,1490,-1,11483,-1,11486,-1,11490,-1,-1,-1,-1,-1
benchmarks/or1200.abc.blif,48,13829,11491,1,0,7,skip-fanout,0,0,11983,8,4,?,5,0,-1,34028234663852885981170418348451692544.000,418.210,-34028234663852885981170418348451692544.000,34028234663852885981170418348451692544.000,NAND2xp33_ASAP7_75t_L,74.860,2.394,-1,-1,-1,1994,-1,11169,-1,11484,-1,11490,-1,13828,-1,-1,-1
benchmarks/or1200.abc.blif,49,13829,11491,1,0,8,skip-fanout,0,0,11983,8,4,?,5,0,-1,34028234663852885981170418348451692544.000,418.210,-34028234663852885981170418348451692544.000,34028234663852885981170418348451692544.000,NAND2xp33_ASAP7_75t_L,74.860,2.394,-1,-1,-1,1193,-1,1994,-1,11484,-1,11486,-1,13828,-1,-1,-1
benchmarks/or1200.abc.blif,50,13829,11491,1,0,9,skip-fanout,0,0,11983,8,4,?,5,0,-1,34028234663852885981170418348451692544.000,418.210,-34028234663852885981170418348451692544.000,34028234663852885981170418348451692544.000,NAND2xp33_ASAP7_75t_L,74.860,2.394,-1,-1,-1,1193,-1,1490,-1,11169,-1,11485,-1,11490,-1,-1,-1
benchmarks/or1200.abc.blif,51,13829,11491,1,0,10,skip-fanout,0,0,11983,8,4,?,5,0,-1,34028234663852885981170418348451692544.000,418.210,-34028234663852885981170418348451692544.000,34028234663852885981170418348451692544.000,NAND2xp33_ASAP7_75t_L,74.860,2.394,-1,-1,-1,1490,-1,11169,-1,11483,-1,11485,-1,11490,-1,-1,-1
benchmarks/or1200.abc.blif,52,13829,11491,1,0,11,skip-fanout,0,0,11983,8,4,?,5,0,-1,34028234663852885981170418348451692544.000,418.210,-34028234663852885981170418348451692544.000,34028234663852885981170418348451692544.000,NAND2xp33_ASAP7_75t_L,74.860,2.394,4,-1,-1,1193,-1,1490,-1,11162,-1,11168,-1,11491,-1,-1,-1
benchmarks/or1200.abc.blif,53,13829,11491,1,0,12,skip-fanout,0,0,11983,8,4,?,5,0,-1,34028234663852885981170418348451692544.000,418.210,-34028234663852885981170418348451692544.000,34028234663852885981170418348451692544.000,NAND2xp33_ASAP7_75t_L,74.860,2.394,-1,-1,-1,1490,-1,11483,-1,11486,-1,11487,-1,11489,-1,-1,-1
benchmarks/or1200.abc.blif,54,13829,11491,1,0,13,skip-fanout,0,0,11983,8,4,?,5,0,-1,34028234663852885981170418348451692544.000,418.210,-34028234663852885981170418348451692544.000,34028234663852885981170418348451692544.000,NAND2xp33_ASAP7_75t_L,74.860,2.394,-1,-1,-1,1193,-1,1490,-1,11169,-1,11486,-1,11490,-1,-1,-1
benchmarks/or1200.abc.blif,55,13829,11491,1,0,14,skip-fanout,0,0,11983,8,4,?,5,0,-1,34028234663852885981170418348451692544.000,418.210,-34028234663852885981170418348451692544.000,34028234663852885981170418348451692544.000,NAND2xp33_ASAP7_75t_L,74.860,2.394,-1,-1,-1,1193,-1,1994,-1,11486,-1,11489,-1,13828,-1,-1,-1
benchmarks/or1200.abc.blif,56,13829,11491,1,0,15,skip-fanout,0,0,11983,8,4,?,5,0,-1,34028234663852885981170418348451692544.000,418.210,-34028234663852885981170418348451692544.000,34028234663852885981170418348451692544.000,NAND2xp33_ASAP7_75t_L,74.860,2.394,-1,-1,-1,11169,-1,11485,-1,11487,-1,11489,-1,13828,-1,-1,-1
benchmarks/or1200.abc.blif,57,13829,11491,1,0,16,skip-fanout,0,0,11983,8,4,?,5,0,-1,34028234663852885981170418348451692544.000,418.210,-34028234663852885981170418348451692544.000,34028234663852885981170418348451692544.000,NAND2xp33_ASAP7_75t_L,74.860,2.394,-1,-1,-1,1193,-1,1490,-1,1994,-1,11169,-1,11484,-1,-1,-1
benchmarks/or1200.abc.blif,58,13829,11491,1,0,17,skip-fanout,0,0,11983,8,4,?,5,0,-1,34028234663852885981170418348451692544.000,418.210,-34028234663852885981170418348451692544.000,34028234663852885981170418348451692544.000,NAND2xp33_ASAP7_75t_L,74.860,2.394,-1,-1,-1,1193,-1,1994,-1,11169,-1,11484,-1,13828,-1,-1,-1
benchmarks/or1200.abc.blif,59,13829,11491,1,0,18,skip-fanout,0,0,11983,8,4,?,5,0,-1,34028234663852885981170418348451692544.000,418.210,-34028234663852885981170418348451692544.000,34028234663852885981170418348451692544.000,NAND2xp33_ASAP7_75t_L,74.860,2.394,-1,-1,-1,11162,-1,11168,-1,11485,-1,11490,-1,13828,-1,-1,-1
benchmarks/or1200.abc.blif,60,13829,11491,1,0,19,skip-fanout,0,0,11983,8,4,?,5,0,-1,34028234663852885981170418348451692544.000,418.210,-34028234663852885981170418348451692544.000,34028234663852885981170418348451692544.000,NAND2xp33_ASAP7_75t_L,74.860,2.394,-1,-1,-1,11484,-1,11486,-1,11487,-1,11488,-1,13828,-1,-1,-1
benchmarks/or1200.abc.blif,61,13829,11491,1,1,0,accepted-best,1,1,11983,8,4,NOR2xp33_ASAP7_75t_L,2,1,5,68.860,161.190,92.330,2.285,A2O1A1O1Ixp25_ASAP7_75t_L,62.170,3.955,0,0,1,11491,0,13828,1,-1,-1,-1,-1,-1,-1,-1,-1
benchmarks/or1200.abc.blif,62,13829,11491,1,1,1,nonselected,1,0,11983,8,4,NOR3xp33_ASAP7_75t_L,3,0,2,66.640,161.190,94.550,4.312,NOR2xp33_ASAP7_75t_L,68.860,2.285,-1,-1,-1,11486,1,11490,1,13828,1,-1,-1,-1,-1,-1,-1
benchmarks/or1200.abc.blif,63,13829,11491,1,1,2,nonselected,1,0,11983,8,4,AOI21xp33_ASAP7_75t_L,3,5,2,69.620,161.190,91.570,2.440,NOR2xp33_ASAP7_75t_L,68.860,2.285,2,0,1,1490,0,11483,1,11491,0,-1,-1,-1,-1,-1,-1
benchmarks/or1200.abc.blif,64,13829,11491,1,1,3,skip-fanout,0,0,11983,8,4,?,4,0,-1,34028234663852885981170418348451692544.000,161.190,-34028234663852885981170418348451692544.000,34028234663852885981170418348451692544.000,NOR2xp33_ASAP7_75t_L,68.860,2.285,-1,-1,-1,11169,-1,11485,-1,11490,-1,13828,-1,-1,-1,-1,-1
benchmarks/or1200.abc.blif,65,13829,11491,1,1,4,skip-fanout,0,0,11983,8,4,?,4,0,-1,34028234663852885981170418348451692544.000,161.190,-34028234663852885981170418348451692544.000,34028234663852885981170418348451692544.000,NOR2xp33_ASAP7_75t_L,68.860,2.285,-1,-1,-1,11486,-1,11487,-1,11489,-1,13828,-1,-1,-1,-1,-1
benchmarks/or1200.abc.blif,66,13829,11491,1,1,5,skip-fanout,0,0,11983,8,4,?,4,0,-1,34028234663852885981170418348451692544.000,161.190,-34028234663852885981170418348451692544.000,34028234663852885981170418348451692544.000,NOR2xp33_ASAP7_75t_L,68.860,2.285,3,-1,-1,1193,-1,1490,-1,11169,-1,11491,-1,-1,-1,-1,-1
benchmarks/or1200.abc.blif,67,13829,11491,1,1,6,skip-fanout,0,0,11983,8,4,?,4,0,-1,34028234663852885981170418348451692544.000,161.190,-34028234663852885981170418348451692544.000,34028234663852885981170418348451692544.000,NOR2xp33_ASAP7_75t_L,68.860,2.285,-1,-1,-1,1490,-1,11483,-1,11486,-1,11490,-1,-1,-1,-1,-1
benchmarks/or1200.abc.blif,68,13829,11491,1,1,7,skip-fanout,0,0,11983,8,4,?,5,0,-1,34028234663852885981170418348451692544.000,161.190,-34028234663852885981170418348451692544.000,34028234663852885981170418348451692544.000,NOR2xp33_ASAP7_75t_L,68.860,2.285,-1,-1,-1,1994,-1,11169,-1,11484,-1,11490,-1,13828,-1,-1,-1
benchmarks/or1200.abc.blif,69,13829,11491,1,1,8,skip-fanout,0,0,11983,8,4,?,5,0,-1,34028234663852885981170418348451692544.000,161.190,-34028234663852885981170418348451692544.000,34028234663852885981170418348451692544.000,NOR2xp33_ASAP7_75t_L,68.860,2.285,-1,-1,-1,1193,-1,1994,-1,11484,-1,11486,-1,13828,-1,-1,-1
benchmarks/or1200.abc.blif,70,13829,11491,1,1,9,skip-fanout,0,0,11983,8,4,A2O1A1O1Ixp25_ASAP7_75t_L,5,6,1,62.170,161.190,99.020,3.955,NOR2xp33_ASAP7_75t_L,68.860,2.285,-1,-1,-1,1193,1,1490,0,11169,0,11485,1,11490,1,-1,-1
benchmarks/or1200.abc.blif,71,13829,11491,1,1,10,skip-fanout,0,0,11983,8,4,?,5,0,-1,34028234663852885981170418348451692544.000,161.190,-34028234663852885981170418348451692544.000,34028234663852885981170418348451692544.000,NOR2xp33_ASAP7_75t_L,68.860,2.285,-1,-1,-1,1490,-1,11169,-1,11483,-1,11485,-1,11490,-1,-1,-1
benchmarks/or1200.abc.blif,72,13829,11491,1,1,11,skip-fanout,0,0,11983,8,4,?,5,0,-1,34028234663852885981170418348451692544.000,161.190,-34028234663852885981170418348451692544.000,34028234663852885981170418348451692544.000,NOR2xp33_ASAP7_75t_L,68.860,2.285,4,-1,-1,1193,-1,1490,-1,11162,-1,11168,-1,11491,-1,-1,-1
benchmarks/or1200.abc.blif,73,13829,11491,1,1,12,skip-fanout,0,0,11983,8,4,?,5,0,-1,34028234663852885981170418348451692544.000,161.190,-34028234663852885981170418348451692544.000,34028234663852885981170418348451692544.000,NOR2xp33_ASAP7_75t_L,68.860,2.285,-1,-1,-1,1490,-1,11483,-1,11486,-1,11487,-1,11489,-1,-1,-1
benchmarks/or1200.abc.blif,74,13829,11491,1,1,13,skip-fanout,0,0,11983,8,4,?,5,0,-1,34028234663852885981170418348451692544.000,161.190,-34028234663852885981170418348451692544.000,34028234663852885981170418348451692544.000,NOR2xp33_ASAP7_75t_L,68.860,2.285,-1,-1,-1,1193,-1,1490,-1,11169,-1,11486,-1,11490,-1,-1,-1
benchmarks/or1200.abc.blif,75,13829,11491,1,1,14,skip-fanout,0,0,11983,8,4,?,5,0,-1,34028234663852885981170418348451692544.000,161.190,-34028234663852885981170418348451692544.000,34028234663852885981170418348451692544.000,NOR2xp33_ASAP7_75t_L,68.860,2.285,-1,-1,-1,1193,-1,1994,-1,11486,-1,11489,-1,13828,-1,-1,-1
benchmarks/or1200.abc.blif,76,13829,11491,1,1,15,skip-fanout,0,0,11983,8,4,?,5,0,-1,34028234663852885981170418348451692544.000,161.190,-34028234663852885981170418348451692544.000,34028234663852885981170418348451692544.000,NOR2xp33_ASAP7_75t_L,68.860,2.285,-1,-1,-1,11169,-1,11485,-1,11487,-1,11489,-1,13828,-1,-1,-1
benchmarks/or1200.abc.blif,77,13829,11491,1,1,16,skip-fanout,0,0,11983,8,4,?,5,0,-1,34028234663852885981170418348451692544.000,161.190,-34028234663852885981170418348451692544.000,34028234663852885981170418348451692544.000,NOR2xp33_ASAP7_75t_L,68.860,2.285,-1,-1,-1,1193,-1,1490,-1,1994,-1,11169,-1,11484,-1,-1,-1
benchmarks/or1200.abc.blif,78,13829,11491,1,1,17,skip-fanout,0,0,11983,8,4,?,5,0,-1,34028234663852885981170418348451692544.000,161.190,-34028234663852885981170418348451692544.000,34028234663852885981170418348451692544.000,NOR2xp33_ASAP7_75t_L,68.860,2.285,-1,-1,-1,1193,-1,1994,-1,11169,-1,11484,-1,13828,-1,-1,-1
benchmarks/or1200.abc.blif,79,13829,11491,1,1,18,skip-fanout,0,0,11983,8,4,?,5,0,-1,34028234663852885981170418348451692544.000,161.190,-34028234663852885981170418348451692544.000,34028234663852885981170418348451692544.000,NOR2xp33_ASAP7_75t_L,68.860,2.285,-1,-1,-1,11162,-1,11168,-1,11485,-1,11490,-1,13828,-1,-1,-1
benchmarks/or1200.abc.blif,80,13829,11491,1,1,19,skip-fanout,0,0,11983,8,4,?,5,0,-1,34028234663852885981170418348451692544.000,161.190,-34028234663852885981170418348451692544.000,34028234663852885981170418348451692544.000,NOR2xp33_ASAP7_75t_L,68.860,2.285,-1,-1,-1,11484,-1,11486,-1,11487,-1,11488,-1,13828,-1,-1,-1
benchmarks/or1200.abc.blif,81,13829,11491,2,0,0,nonselected,1,0,11983,8,4,NAND2xp33_ASAP7_75t_L,2,2,5,74.800,473.730,398.930,1.630,NAND2xp33_ASAP7_75t_L,74.800,1.630,0,1,0,11491,1,13828,0,-1,-1,-1,-1,-1,-1,-1,-1
benchmarks/or1200.abc.blif,82,13829,11491,2,0,1,nonselected,1,0,11983,8,4,NAND3xp33_ASAP7_75t_L,3,7,2,65.010,473.730,408.720,3.040,NAND2xp33_ASAP7_75t_L,74.800,1.630,-1,-1,-1,11486,0,11490,0,13828,0,-1,-1,-1,-1,-1,-1
benchmarks/or1200.abc.blif,83,13829,11491,2,0,2,accepted-best,1,1,11983,8,4,AO21x2_ASAP7_75t_L,3,5,2,72.480,473.730,401.250,1.630,NAND2xp33_ASAP7_75t_L,74.800,1.630,2,0,1,1490,0,11483,1,11491,0,-1,-1,-1,-1,-1,-1
benchmarks/or1200.abc.blif,84,13829,11491,2,0,3,area-sensitive-skip,0,0,11983,8,4,OAI211xp5_ASAP7_75t_L,4,14,1,66.410,473.730,407.320,4.200,AO21x2_ASAP7_75t_L,72.480,1.630,-1,-1,-1,11169,1,11485,0,11490,0,13828,0,-1,-1,-1,-1
benchmarks/or1200.abc.blif,85,13829,11491,2,0,4,area-sensitive-skip,0,0,11983,8,4,OAI211xp5_ASAP7_75t_L,4,13,1,62.660,473.730,411.070,2.330,AO21x2_ASAP7_75t_L,72.480,1.630,-1,-1,-1,11486,0,11487,1,11489,0,13828,0,-1,-1,-1,-1
benchmarks/or1200.abc.blif,86,13829,11491,2,0,5,area-sensitive-skip,0,0,11983,8,4,OAI31xp33_ASAP7_75t_L,4,1,1,76.960,473.730,396.770,3.030,AO21x2_ASAP7_75t_L,72.480,1.630,3,1,0,1193,0,1490,1,11169,1,11491,1,-1,-1,-1,-1
benchmarks/or1200.abc.blif,87,13829,11491,2,0,6,area-sensitive-skip,0,0,11983,8,4,OAI211xp5_ASAP7_75t_L,4,14,1,66.410,473.730,407.320,3.270,AO21x2_ASAP7_75t_L,72.480,1.630,-1,-1,-1,1490,1,11483,0,11486,0,11490,0,-1,-1,-1,-1
benchmarks/or1200.abc.blif,88,13829,11491,2,0,7,area-sensitive-skip,0,0,11983,8,4,OAI311xp33_ASAP7_75t_L,5,25,1,66.180,473.730,407.550,4.430,AO21x2_ASAP7_75t_L,72.480,1.630,-1,-1,-1,1994,0,11169,1,11484,1,11490,0,13828,0,-1,-1
benchmarks/or1200.abc.blif,89,13829,11491,2,0,8,no-supers,0,0,11983,8,4,?,5,0,-1,34028234663852885981170418348451692544.000,473.730,-34028234663852885981170418348451692544.000,34028234663852885981170418348451692544.000,AO21x2_ASAP7_75t_L,72.480,1.630,-1,-1,-1,1193,-1,1994,-1,11484,-1,11486,-1,13828,-1,-1,-1
benchmarks/or1200.abc.blif,90,13829,11491,2,0,9,no-supers,0,0,11983,8,4,?,5,0,-1,34028234663852885981170418348451692544.000,473.730,-34028234663852885981170418348451692544.000,34028234663852885981170418348451692544.000,AO21x2_ASAP7_75t_L,72.480,1.630,-1,-1,-1,1193,-1,1490,-1,11169,-1,11485,-1,11490,-1,-1,-1
benchmarks/or1200.abc.blif,91,13829,11491,2,0,10,area-sensitive-skip,0,0,11983,8,4,AO221x1_ASAP7_75t_L,5,3,1,65.150,473.730,408.580,4.430,AO21x2_ASAP7_75t_L,72.480,1.630,-1,-1,-1,1490,0,11169,0,11483,1,11485,1,11490,1,-1,-1
benchmarks/or1200.abc.blif,92,13829,11491,2,0,11,no-supers,0,0,11983,8,4,?,5,0,-1,34028234663852885981170418348451692544.000,473.730,-34028234663852885981170418348451692544.000,34028234663852885981170418348451692544.000,AO21x2_ASAP7_75t_L,72.480,1.630,4,-1,-1,1193,-1,1490,-1,11162,-1,11168,-1,11491,-1,-1,-1
benchmarks/or1200.abc.blif,93,13829,11491,2,0,12,area-sensitive-skip,0,0,11983,8,4,OAI221xp5_ASAP7_75t_L,5,22,1,62.620,473.730,411.110,2.560,AO21x2_ASAP7_75t_L,72.480,1.630,-1,-1,-1,1490,1,11483,0,11486,0,11487,1,11489,0,-1,-1
benchmarks/or1200.abc.blif,94,13829,11491,2,0,13,area-sensitive-skip,0,0,11983,8,4,OAI311xp33_ASAP7_75t_L,5,25,1,66.180,473.730,407.550,4.430,AO21x2_ASAP7_75t_L,72.480,1.630,-1,-1,-1,1193,0,1490,1,11169,1,11486,0,11490,0,-1,-1
benchmarks/or1200.abc.blif,95,13829,11491,2,0,14,no-supers,0,0,11983,8,4,?,5,0,-1,34028234663852885981170418348451692544.000,473.730,-34028234663852885981170418348451692544.000,34028234663852885981170418348451692544.000,AO21x2_ASAP7_75t_L,72.480,1.630,-1,-1,-1,1193,-1,1994,-1,11486,-1,11489,-1,13828,-1,-1,-1
benchmarks/or1200.abc.blif,96,13829,11491,2,0,15,area-sensitive-skip,0,0,11983,8,4,OAI221xp5_ASAP7_75t_L,5,26,1,63.160,473.730,410.570,3.490,AO21x2_ASAP7_75t_L,72.480,1.630,-1,-1,-1,11169,1,11485,0,11487,1,11489,0,13828,0,-1,-1
benchmarks/or1200.abc.blif,97,13829,11491,2,0,16,no-supers,0,0,11983,8,4,?,5,0,-1,34028234663852885981170418348451692544.000,473.730,-34028234663852885981170418348451692544.000,34028234663852885981170418348451692544.000,AO21x2_ASAP7_75t_L,72.480,1.630,-1,-1,-1,1193,-1,1490,-1,1994,-1,11169,-1,11484,-1,-1,-1
benchmarks/or1200.abc.blif,98,13829,11491,2,0,17,no-supers,0,0,11983,8,4,?,5,0,-1,34028234663852885981170418348451692544.000,473.730,-34028234663852885981170418348451692544.000,34028234663852885981170418348451692544.000,AO21x2_ASAP7_75t_L,72.480,1.630,-1,-1,-1,1193,-1,1994,-1,11169,-1,11484,-1,13828,-1,-1,-1
benchmarks/or1200.abc.blif,99,13829,11491,2,0,18,no-supers,0,0,11983,8,4,?,5,0,-1,34028234663852885981170418348451692544.000,473.730,-34028234663852885981170418348451692544.000,34028234663852885981170418348451692544.000,AO21x2_ASAP7_75t_L,72.480,1.630,-1,-1,-1,11162,-1,11168,-1,11485,-1,11490,-1,13828,-1,-1,-1
benchmarks/or1200.abc.blif,100,13829,11491,2,0,19,area-sensitive-skip,0,0,11983,8,4,OAI311xp33_ASAP7_75t_L,5,19,1,62.430,473.730,411.300,2.560,AO21x2_ASAP7_75t_L,72.480,1.630,-1,-1,-1,11484,0,11486,0,11487,1,11488,1,13828,0,-1,-1
benchmarks/or1200.abc.blif,101,13829,11491,2,1,0,nonselected,1,0,11983,8,4,NOR2xp33_ASAP7_75t_L,2,1,5,68.820,68.950,0.130,0.930,NOR2xp33_ASAP7_75t_L,68.820,0.930,0,0,1,11491,0,13828,1,-1,-1,-1,-1,-1,-1,-1,-1
benchmarks/or1200.abc.blif,102,13829,11491,2,1,1,nonselected,1,0,11983,8,4,NOR3xp33_ASAP7_75t_L,3,0,2,68.560,68.950,0.390,3.040,NOR2xp33_ASAP7_75t_L,68.820,0.930,-1,-1,-1,11486,1,11490,1,13828,1,-1,-1,-1,-1,-1,-1
benchmarks/or1200.abc.blif,103,13829,11491,2,1,2,violates-required,0,0,11983,8,4,AOI21xp33_ASAP7_75t_L,3,5,2,69.580,68.950,-0.630,1.170,NOR2xp33_ASAP7_75t_L,68.820,0.930,2,0,1,1490,0,11483,1,11491,0,-1,-1,-1,-1,-1,-1
benchmarks/or1200.abc.blif,104,13829,11491,2,1,3,no-super-best,0,0,11983,8,4,?,4,0,-1,34028234663852885981170418348451692544.000,68.950,-34028234663852885981170418348451692544.000,34028234663852885981170418348451692544.000,NOR2xp33_ASAP7_75t_L,68.820,0.930,-1,-1,-1,11169,-1,11485,-1,11490,-1,13828,-1,-1,-1,-1,-1
benchmarks/or1200.abc.blif,105,13829,11491,2,1,4,area-sensitive-skip,0,0,11983,8,4,OA211x2_ASAP7_75t_L,4,13,1,68.870,68.950,0.080,2.800,NOR2xp33_ASAP7_75t_L,68.820,0.930,-1,-1,-1,11486,0,11487,1,11489,0,13828,0,-1,-1,-1,-1
benchmarks/or1200.abc.blif,106,13829,11491,2,1,5,no-super-best,0,0,11983,8,4,?,4,0,-1,34028234663852885981170418348451692544.000,68.950,-34028234663852885981170418348451692544.000,34028234663852885981170418348451692544.000,NOR2xp33_ASAP7_75t_L,68.820,0.930,3,-1,-1,1193,-1,1490,-1,11169,-1,11491,-1,-1,-1,-1,-1
benchmarks/or1200.abc.blif,107,13829,11491,2,1,6,area-sensitive-skip,0,0,11983,8,4,AOI211xp5_ASAP7_75t_L,4,1,1,67.870,68.950,1.080,3.270,NOR2xp33_ASAP7_75t_L,68.820,0.930,-1,-1,-1,1490,0,11483,1,11486,1,11490,1,-1,-1,-1,-1
benchmarks/or1200.abc.blif,108,13829,11491,2,1,7,no-super-best,0,0,11983,8,4,?,5,0,-1,34028234663852885981170418348451692544.000,68.950,-34028234663852885981170418348451692544.000,34028234663852885981170418348451692544.000,NOR2xp33_ASAP7_75t_L,68.820,0.930,-1,-1,-1,1994,-1,11169,-1,11484,-1,11490,-1,13828,-1,-1,-1
benchmarks/or1200.abc.blif,109,13829,11491,2,1,8,no-supers,0,0,11983,8,4,?,5,0,-1,34028234663852885981170418348451692544.000,68.950,-34028234663852885981170418348451692544.000,34028234663852885981170418348451692544.000,NOR2xp33_ASAP7_75t_L,68.820,0.930,-1,-1,-1,1193,-1,1994,-1,11484,-1,11486,-1,13828,-1,-1,-1
benchmarks/or1200.abc.blif,110,13829,11491,2,1,9,area-sensitive-skip,0,0,11983,8,4,A2O1A1O1Ixp25_ASAP7_75t_L,5,6,1,61.610,68.950,7.340,2.100,NOR2xp33_ASAP7_75t_L,68.820,0.930,-1,-1,-1,1193,1,1490,0,11169,0,11485,1,11490,1,-1,-1
benchmarks/or1200.abc.blif,111,13829,11491,2,1,10,area-sensitive-skip,0,0,11983,8,4,AOI221xp5_ASAP7_75t_L,5,3,1,62.080,68.950,6.870,3.730,NOR2xp33_ASAP7_75t_L,68.820,0.930,-1,-1,-1,1490,0,11169,0,11483,1,11485,1,11490,1,-1,-1
benchmarks/or1200.abc.blif,112,13829,11491,2,1,11,no-supers,0,0,11983,8,4,?,5,0,-1,34028234663852885981170418348451692544.000,68.950,-34028234663852885981170418348451692544.000,34028234663852885981170418348451692544.000,NOR2xp33_ASAP7_75t_L,68.820,0.930,4,-1,-1,1193,-1,1490,-1,11162,-1,11168,-1,11491,-1,-1,-1
benchmarks/or1200.abc.blif,113,13829,11491,2,1,12,area-sensitive-skip,0,0,11983,8,4,AOI221xp5_ASAP7_75t_L,5,9,1,68.880,68.950,0.070,3.960,NOR2xp33_ASAP7_75t_L,68.820,0.930,-1,-1,-1,1490,0,11483,1,11486,1,11487,0,11489,1,-1,-1
benchmarks/or1200.abc.blif,114,13829,11491,2,1,13,area-sensitive-skip,0,0,11983,8,4,AOI311xp33_ASAP7_75t_L,5,6,1,68.310,68.950,0.640,3.500,NOR2xp33_ASAP7_75t_L,68.820,0.930,-1,-1,-1,1193,1,1490,0,11169,0,11486,1,11490,1,-1,-1
benchmarks/or1200.abc.blif,115,13829,11491,2,1,14,no-supers,0,0,11983,8,4,?,5,0,-1,34028234663852885981170418348451692544.000,68.950,-34028234663852885981170418348451692544.000,34028234663852885981170418348451692544.000,NOR2xp33_ASAP7_75t_L,68.820,0.930,-1,-1,-1,1193,-1,1994,-1,11486,-1,11489,-1,13828,-1,-1,-1
benchmarks/or1200.abc.blif,116,13829,11491,2,1,15,area-sensitive-skip,0,0,11983,8,4,OA221x2_ASAP7_75t_L,5,26,1,66.370,68.950,2.580,5.590,NOR2xp33_ASAP7_75t_L,68.820,0.930,-1,-1,-1,11169,1,11485,0,11487,1,11489,0,13828,0,-1,-1
benchmarks/or1200.abc.blif,117,13829,11491,2,1,16,no-supers,0,0,11983,8,4,?,5,0,-1,34028234663852885981170418348451692544.000,68.950,-34028234663852885981170418348451692544.000,34028234663852885981170418348451692544.000,NOR2xp33_ASAP7_75t_L,68.820,0.930,-1,-1,-1,1193,-1,1490,-1,1994,-1,11169,-1,11484,-1,-1,-1
benchmarks/or1200.abc.blif,118,13829,11491,2,1,17,no-supers,0,0,11983,8,4,?,5,0,-1,34028234663852885981170418348451692544.000,68.950,-34028234663852885981170418348451692544.000,34028234663852885981170418348451692544.000,NOR2xp33_ASAP7_75t_L,68.820,0.930,-1,-1,-1,1193,-1,1994,-1,11169,-1,11484,-1,13828,-1,-1,-1
benchmarks/or1200.abc.blif,119,13829,11491,2,1,18,no-supers,0,0,11983,8,4,?,5,0,-1,34028234663852885981170418348451692544.000,68.950,-34028234663852885981170418348451692544.000,34028234663852885981170418348451692544.000,NOR2xp33_ASAP7_75t_L,68.820,0.930,-1,-1,-1,11162,-1,11168,-1,11485,-1,11490,-1,13828,-1,-1,-1
benchmarks/or1200.abc.blif,120,13829,11491,2,1,19,no-super-best,0,0,11983,8,4,?,5,0,-1,34028234663852885981170418348451692544.000,68.950,-34028234663852885981170418348451692544.000,34028234663852885981170418348451692544.000,NOR2xp33_ASAP7_75t_L,68.820,0.930,-1,-1,-1,11484,-1,11486,-1,11487,-1,11488,-1,13828,-1,-1,-1
benchmarks/or1200.abc.blif,121,13829,11491,3,1,0,nonselected,1,0,11983,8,4,NOR2xp33_ASAP7_75t_L,2,1,5,68.820,69.670,0.850,0.930,NOR2xp33_ASAP7_75t_L,68.820,0.930,0,0,1,11491,0,13828,1,-1,-1,-1,-1,-1,-1,-1,-1
benchmarks/or1200.abc.blif,122,13829,11491,3,1,1,nonselected,1,0,11983,8,4,AND3x1_ASAP7_75t_L,3,7,2,65.360,69.670,4.310,3.030,NOR2xp33_ASAP7_75t_L,68.820,0.930,-1,-1,-1,11486,0,11490,0,13828,0,-1,-1,-1,-1,-1,-1
benchmarks/or1200.abc.blif,123,13829,11491,3,1,2,nonselected,1,0,11983,8,4,AOI21xp33_ASAP7_75t_L,3,5,2,69.580,69.670,0.090,1.170,NOR2xp33_ASAP7_75t_L,68.820,0.930,2,0,1,1490,0,11483,1,11491,0,-1,-1,-1,-1,-1,-1
benchmarks/or1200.abc.blif,124,13829,11491,3,1,3,area-sensitive-skip,0,0,11983,8,4,AOI211xp5_ASAP7_75t_L,4,1,1,69.440,69.670,0.230,3.500,NOR2xp33_ASAP7_75t_L,68.820,0.930,-1,-1,-1,11169,0,11485,1,11490,1,13828,1,-1,-1,-1,-1
benchmarks/or1200.abc.blif,125,13829,11491,3,1,4,area-sensitive-skip,0,0,11983,8,4,OA211x2_ASAP7_75t_L,4,13,1,68.870,69.670,0.800,2.800,NOR2xp33_ASAP7_75t_L,68.820,0.930,-1,-1,-1,11486,0,11487,1,11489,0,13828,0,-1,-1,-1,-1
benchmarks/or1200.abc.blif,126,13829,11491,3,1,5,no-super-best,0,0,11983,8,4,?,4,0,-1,34028234663852885981170418348451692544.000,69.670,-34028234663852885981170418348451692544.000,34028234663852885981170418348451692544.000,NOR2xp33_ASAP7_75t_L,68.820,0.930,3,-1,-1,1193,-1,1490,-1,11169,-1,11491,-1,-1,-1,-1,-1
benchmarks/or1200.abc.blif,127,13829,11491,3,1,6,area-sensitive-skip,0,0,11983,8,4,AOI211xp5_ASAP7_75t_L,4,1,1,67.870,69.670,1.800,3.270,NOR2xp33_ASAP7_75t_L,68.820,0.930,-1,-1,-1,1490,0,11483,1,11486,1,11490,1,-1,-1,-1,-1
benchmarks/or1200.abc.blif,128,13829,11491,3,1,7,no-super-best,0,0,11983,8,4,?,5,0,-1,34028234663852885981170418348451692544.000,69.670,-34028234663852885981170418348451692544.000,34028234663852885981170418348451692544.000,NOR2xp33_ASAP7_75t_L,68.820,0.930,-1,-1,-1,1994,-1,11169,-1,11484,-1,11490,-1,13828,-1,-1,-1
benchmarks/or1200.abc.blif,129,13829,11491,3,1,8,no-supers,0,0,11983,8,4,?,5,0,-1,34028234663852885981170418348451692544.000,69.670,-34028234663852885981170418348451692544.000,34028234663852885981170418348451692544.000,NOR2xp33_ASAP7_75t_L,68.820,0.930,-1,-1,-1,1193,-1,1994,-1,11484,-1,11486,-1,13828,-1,-1,-1
benchmarks/or1200.abc.blif,130,13829,11491,3,1,9,area-sensitive-skip,0,0,11983,8,4,A2O1A1O1Ixp25_ASAP7_75t_L,5,6,1,61.610,69.670,8.060,2.100,NOR2xp33_ASAP7_75t_L,68.820,0.930,-1,-1,-1,1193,1,1490,0,11169,0,11485,1,11490,1,-1,-1
benchmarks/or1200.abc.blif,131,13829,11491,3,1,10,area-sensitive-skip,0,0,11983,8,4,AOI221xp5_ASAP7_75t_L,5,3,1,62.080,69.670,7.590,3.730,NOR2xp33_ASAP7_75t_L,68.820,0.930,-1,-1,-1,1490,0,11169,0,11483,1,11485,1,11490,1,-1,-1
benchmarks/or1200.abc.blif,132,13829,11491,3,1,11,no-supers,0,0,11983,8,4,?,5,0,-1,34028234663852885981170418348451692544.000,69.670,-34028234663852885981170418348451692544.000,34028234663852885981170418348451692544.000,NOR2xp33_ASAP7_75t_L,68.820,0.930,4,-1,-1,1193,-1,1490,-1,11162,-1,11168,-1,11491,-1,-1,-1
benchmarks/or1200.abc.blif,133,13829,11491,3,1,12,area-sensitive-skip,0,0,11983,8,4,AOI221xp5_ASAP7_75t_L,5,9,1,68.880,69.670,0.790,3.960,NOR2xp33_ASAP7_75t_L,68.820,0.930,-1,-1,-1,1490,0,11483,1,11486,1,11487,0,11489,1,-1,-1
benchmarks/or1200.abc.blif,134,13829,11491,3,1,13,area-sensitive-skip,0,0,11983,8,4,AOI311xp33_ASAP7_75t_L,5,6,1,68.310,69.670,1.360,3.500,NOR2xp33_ASAP7_75t_L,68.820,0.930,-1,-1,-1,1193,1,1490,0,11169,0,11486,1,11490,1,-1,-1
benchmarks/or1200.abc.blif,135,13829,11491,3,1,14,no-supers,0,0,11983,8,4,?,5,0,-1,34028234663852885981170418348451692544.000,69.670,-34028234663852885981170418348451692544.000,34028234663852885981170418348451692544.000,NOR2xp33_ASAP7_75t_L,68.820,0.930,-1,-1,-1,1193,-1,1994,-1,11486,-1,11489,-1,13828,-1,-1,-1
benchmarks/or1200.abc.blif,136,13829,11491,3,1,15,area-sensitive-skip,0,0,11983,8,4,OA221x2_ASAP7_75t_L,5,26,1,66.370,69.670,3.300,5.360,NOR2xp33_ASAP7_75t_L,68.820,0.930,-1,-1,-1,11169,1,11485,0,11487,1,11489,0,13828,0,-1,-1
benchmarks/or1200.abc.blif,137,13829,11491,3,1,16,no-supers,0,0,11983,8,4,?,5,0,-1,34028234663852885981170418348451692544.000,69.670,-34028234663852885981170418348451692544.000,34028234663852885981170418348451692544.000,NOR2xp33_ASAP7_75t_L,68.820,0.930,-1,-1,-1,1193,-1,1490,-1,1994,-1,11169,-1,11484,-1,-1,-1
benchmarks/or1200.abc.blif,138,13829,11491,3,1,17,no-supers,0,0,11983,8,4,?,5,0,-1,34028234663852885981170418348451692544.000,69.670,-34028234663852885981170418348451692544.000,34028234663852885981170418348451692544.000,NOR2xp33_ASAP7_75t_L,68.820,0.930,-1,-1,-1,1193,-1,1994,-1,11169,-1,11484,-1,13828,-1,-1,-1
benchmarks/or1200.abc.blif,139,13829,11491,3,1,18,no-supers,0,0,11983,8,4,?,5,0,-1,34028234663852885981170418348451692544.000,69.670,-34028234663852885981170418348451692544.000,34028234663852885981170418348451692544.000,NOR2xp33_ASAP7_75t_L,68.820,0.930,-1,-1,-1,11162,-1,11168,-1,11485,-1,11490,-1,13828,-1,-1,-1
benchmarks/or1200.abc.blif,140,13829,11491,3,1,19,no-super-best,0,0,11983,8,4,?,5,0,-1,34028234663852885981170418348451692544.000,69.670,-34028234663852885981170418348451692544.000,34028234663852885981170418348451692544.000,NOR2xp33_ASAP7_75t_L,68.820,0.930,-1,-1,-1,11484,-1,11486,-1,11487,-1,11488,-1,13828,-1,-1,-1
benchmarks/syn2.abc.blif,1,18467,18002,0,0,0,accepted-best,1,1,14992,8,2,NAND2xp33_ASAP7_75t_L,2,3,5,44.680,34028234663852885981170418348451692544.000,34028234663852885981170418348451692544.000,3.461,?,34028234663852885981170418348451692544.000,34028234663852885981170418348451692544.000,-1,-1,-1,18448,0,18462,0,-1,-1,-1,-1,-1,-1,-1,-1
benchmarks/syn2.abc.blif,2,18467,18002,0,0,1,no-super-best,0,0,14992,8,2,?,3,0,-1,34028234663852885981170418348451692544.000,34028234663852885981170418348451692544.000,0.000,34028234663852885981170418348451692544.000,NAND2xp33_ASAP7_75t_L,44.680,3.461,-1,-1,-1,18448,-1,18460,-1,18461,-1,-1,-1,-1,-1,-1,-1
benchmarks/syn2.abc.blif,3,18467,18002,0,0,2,accepted-best,1,1,14992,8,2,OAI21xp33_ASAP7_75t_L,3,7,2,40.820,34028234663852885981170418348451692544.000,34028234663852885981170418348451692544.000,6.861,NAND2xp33_ASAP7_75t_L,44.680,3.461,-1,-1,-1,18444,0,18447,0,18462,0,-1,-1,-1,-1,-1,-1
benchmarks/syn2.abc.blif,4,18467,18002,0,0,3,no-super-best,0,0,14992,8,2,?,4,0,-1,34028234663852885981170418348451692544.000,34028234663852885981170418348451692544.000,0.000,34028234663852885981170418348451692544.000,OAI21xp33_ASAP7_75t_L,40.820,6.861,-1,-1,-1,17847,-1,18448,-1,18460,-1,18453,-1,-1,-1,-1,-1
benchmarks/syn2.abc.blif,5,18467,18002,0,0,4,no-super-best,0,0,14992,8,2,?,4,0,-1,34028234663852885981170418348451692544.000,34028234663852885981170418348451692544.000,0.000,34028234663852885981170418348451692544.000,OAI21xp33_ASAP7_75t_L,40.820,6.861,-1,-1,-1,18367,-1,18444,-1,18446,-1,18462,-1,-1,-1,-1,-1
benchmarks/syn2.abc.blif,6,18467,18002,0,0,5,no-super-best,0,0,14992,8,2,?,4,0,-1,34028234663852885981170418348451692544.000,34028234663852885981170418348451692544.000,0.000,34028234663852885981170418348451692544.000,OAI21xp33_ASAP7_75t_L,40.820,6.861,-1,-1,-1,2445,-1,2451,-1,18448,-1,18461,-1,-1,-1,-1,-1
benchmarks/syn2.abc.blif,7,18467,18002,0,0,6,no-super-best,0,0,14992,8,2,?,4,0,-1,34028234663852885981170418348451692544.000,34028234663852885981170418348451692544.000,0.000,34028234663852885981170418348451692544.000,OAI21xp33_ASAP7_75t_L,40.820,6.861,-1,-1,-1,18444,-1,18447,-1,18460,-1,18461,-1,-1,-1,-1,-1
benchmarks/syn2.abc.blif,8,18467,18002,0,0,7,no-super-best,0,0,14992,8,2,?,4,0,-1,34028234663852885981170418348451692544.000,34028234663852885981170418348451692544.000,0.000,34028234663852885981170418348451692544.000,OAI21xp33_ASAP7_75t_L,40.820,6.861,1,-1,-1,17961,-1,18002,-1,18447,-1,18462,-1,-1,-1,-1,-1
benchmarks/syn2.abc.blif,9,18467,18002,0,0,8,no-supers,0,0,14992,8,2,?,5,0,-1,34028234663852885981170418348451692544.000,34028234663852885981170418348451692544.000,0.000,34028234663852885981170418348451692544.000,OAI21xp33_ASAP7_75t_L,40.820,6.861,-1,-1,-1,17823,-1,17890,-1,18444,-1,18446,-1,18462,-1,-1,-1
benchmarks/syn2.abc.blif,10,18467,18002,0,0,9,no-supers,0,0,14992,8,2,?,5,0,-1,34028234663852885981170418348451692544.000,34028234663852885981170418348451692544.000,0.000,34028234663852885981170418348451692544.000,OAI21xp33_ASAP7_75t_L,40.820,6.861,-1,-1,-1,2439,-1,2451,-1,18448,-1,18460,-1,18453,-1,-1,-1
benchmarks/syn2.abc.blif,11,18467,18002,0,0,10,no-supers,0,0,14992,8,2,?,5,0,-1,34028234663852885981170418348451692544.000,34028234663852885981170418348451692544.000,0.000,34028234663852885981170418348451692544.000,OAI21xp33_ASAP7_75t_L,40.820,6.861,2,-1,-1,17854,-1,17844,-1,18002,-1,18447,-1,18462,-1,-1,-1
benchmarks/syn2.abc.blif,12,18467,18002,0,0,11,no-supers,0,0,14992,8,2,?,5,0,-1,34028234663852885981170418348451692544.000,34028234663852885981170418348451692544.000,0.000,34028234663852885981170418348451692544.000,OAI21xp33_ASAP7_75t_L,40.820,6.861,-1,-1,-1,2439,-1,2445,-1,2451,-1,18448,-1,18453,-1,-1,-1
benchmarks/syn2.abc.blif,13,18467,18002,0,0,12,no-super-best,0,0,14992,8,2,?,5,0,-1,34028234663852885981170418348451692544.000,34028234663852885981170418348451692544.000,0.000,34028234663852885981170418348451692544.000,OAI21xp33_ASAP7_75t_L,40.820,6.861,1,-1,-1,17961,-1,18002,-1,18447,-1,18460,-1,18461,-1,-1,-1
benchmarks/syn2.abc.blif,14,18467,18002,0,0,13,no-super-best,0,0,14992,8,2,?,5,0,-1,34028234663852885981170418348451692544.000,34028234663852885981170418348451692544.000,0.000,34028234663852885981170418348451692544.000,OAI21xp33_ASAP7_75t_L,40.820,6.861,-1,-1,-1,17847,-1,18444,-1,18447,-1,18460,-1,18453,-1,-1,-1
benchmarks/syn2.abc.blif,15,18467,18002,0,0,14,no-super-best,0,0,14992,8,2,?,5,0,-1,34028234663852885981170418348451692544.000,34028234663852885981170418348451692544.000,0.000,34028234663852885981170418348451692544.000,OAI21xp33_ASAP7_75t_L,40.820,6.861,-1,-1,-1,18367,-1,18444,-1,18446,-1,18460,-1,18461,-1,-1,-1
benchmarks/syn2.abc.blif,16,18467,18002,0,0,15,no-supers,0,0,14992,8,2,?,5,0,-1,34028234663852885981170418348451692544.000,34028234663852885981170418348451692544.000,0.000,34028234663852885981170418348451692544.000,OAI21xp33_ASAP7_75t_L,40.820,6.861,-1,-1,-1,2445,-1,2451,-1,18444,-1,18447,-1,18461,-1,-1,-1
benchmarks/syn2.abc.blif,17,18467,18002,0,0,16,no-supers,0,0,14992,8,2,?,5,0,-1,34028234663852885981170418348451692544.000,34028234663852885981170418348451692544.000,0.000,34028234663852885981170418348451692544.000,OAI21xp33_ASAP7_75t_L,40.820,6.861,-1,-1,-1,17955,-1,18367,-1,18444,-1,18445,-1,18462,-1,-1,-1
benchmarks/syn2.abc.blif,18,18467,18002,0,0,17,no-supers,0,0,14992,8,2,?,5,0,-1,34028234663852885981170418348451692544.000,34028234663852885981170418348451692544.000,0.000,34028234663852885981170418348451692544.000,OAI21xp33_ASAP7_75t_L,40.820,6.861,-1,-1,-1,17836,-1,18295,-1,18444,-1,18446,-1,18462,-1,-1,-1
benchmarks/syn2.abc.blif,19,18467,18002,0,0,18,no-supers,0,0,14992,8,2,?,5,0,-1,34028234663852885981170418348451692544.000,34028234663852885981170418348451692544.000,0.000,34028234663852885981170418348451692544.000,OAI21xp33_ASAP7_75t_L,40.820,6.861,-1,-1,-1,17827,-1,17848,-1,17961,-1,18447,-1,18462,-1,-1,-1
benchmarks/syn2.abc.blif,20,18467,18002,0,0,19,no-supers,0,0,14992,8,2,?,5,0,-1,34028234663852885981170418348451692544.000,34028234663852885981170418348451692544.000,0.000,34028234663852885981170418348451692544.000,OAI21xp33_ASAP7_75t_L,40.820,6.861,1,-1,-1,17961,-1,18002,-1,18367,-1,18446,-1,18462,-1,-1,-1
benchmarks/syn2.abc.blif,21,18467,18002,0,0,20,no-supers,0,0,14992,8,2,?,5,0,-1,34028234663852885981170418348451692544.000,34028234663852885981170418348451692544.000,0.000,34028234663852885981170418348451692544.000,OAI21xp33_ASAP7_75t_L,40.820,6.861,-1,-1,-1,2445,-1,2451,-1,17847,-1,18448,-1,18453,-1,-1,-1
benchmarks/syn2.abc.blif,22,18467,18002,0,0,21,no-supers,0,0,14992,8,2,?,5,0,-1,34028234663852885981170418348451692544.000,34028234663852885981170418348451692544.000,0.000,34028234663852885981170418348451692544.000,OAI21xp33_ASAP7_75t_L,40.820,6.861,-1,-1,-1,18008,-1,18364,-1,18444,-1,18446,-1,18462,-1,-1,-1
benchmarks/syn2.abc.blif,23,18467,18002,0,0,22,no-supers,0,0,14992,8,2,?,5,0,-1,34028234663852885981170418348451692544.000,34028234663852885981170418348451692544.000,0.000,34028234663852885981170418348451692544.000,OAI21xp33_ASAP7_75t_L,40.820,6.861,-1,-1,-1,17847,-1,18367,-1,18448,-1,18460,-1,18452,-1,-1,-1
benchmarks/syn2.abc.blif,24,18467,18002,0,1,0,accepted-best,1,1,14992,8,2,NOR2xp33_ASAP7_75t_L,2,0,5,46.260,34028234663852885981170418348451692544.000,34028234663852885981170418348451692544.000,3.495,?,34028234663852885981170418348451692544.000,34028234663852885981170418348451692544.000,-1,-1,-1,18448,1,18462,1,-1,-1,-1,-1,-1,-1,-1,-1
benchmarks/syn2.abc.blif,25,18467,18002,0,1,1,no-super-best,0,0,14992,8,2,?,3,0,-1,34028234663852885981170418348451692544.000,34028234663852885981170418348451692544.000,0.000,34028234663852885981170418348451692544.000,NOR2xp33_ASAP7_75t_L,46.260,3.495,-1,-1,-1,18448,-1,18460,-1,18461,-1,-1,-1,-1,-1,-1,-1
benchmarks/syn2.abc.blif,26,18467,18002,0,1,2,accepted-best,1,1,14992,8,2,OA21x2_ASAP7_75t_L,3,7,2,44.390,34028234663852885981170418348451692544.000,34028234663852885981170418348451692544.000,7.321,NOR2xp33_ASAP7_75t_L,46.260,3.495,-1,-1,-1,18444,0,18447,0,18462,0,-1,-1,-1,-1,-1,-1
benchmarks/syn2.abc.blif,27,18467,18002,0,1,3,no-super-best,0,0,14992,8,2,?,4,0,-1,34028234663852885981170418348451692544.000,34028234663852885981170418348451692544.000,0.000,34028234663852885981170418348451692544.000,OA21x2_ASAP7_75t_L,44.390,7.321,-1,-1,-1,17847,-1,18448,-1,18460,-1,18453,-1,-1,-1,-1,-1
benchmarks/syn2.abc.blif,28,18467,18002,0,1,4,no-super-best,0,0,14992,8,2,?,4,0,-1,34028234663852885981170418348451692544.000,34028234663852885981170418348451692544.000,0.000,34028234663852885981170418348451692544.000,OA21x2_ASAP7_75t_L,44.390,7.321,-1,-1,-1,18367,-1,18444,-1,18446,-1,18462,-1,-1,-1,-1,-1
benchmarks/syn2.abc.blif,29,18467,18002,0,1,5,no-super-best,0,0,14992,8,2,?,4,0,-1,34028234663852885981170418348451692544.000,34028234663852885981170418348451692544.000,0.000,34028234663852885981170418348451692544.000,OA21x2_ASAP7_75t_L,44.390,7.321,-1,-1,-1,2445,-1,2451,-1,18448,-1,18461,-1,-1,-1,-1,-1
benchmarks/syn2.abc.blif,30,18467,18002,0,1,6,no-super-best,0,0,14992,8,2,?,4,0,-1,34028234663852885981170418348451692544.000,34028234663852885981170418348451692544.000,0.000,34028234663852885981170418348451692544.000,OA21x2_ASAP7_75t_L,44.390,7.321,-1,-1,-1,18444,-1,18447,-1,18460,-1,18461,-1,-1,-1,-1,-1
benchmarks/syn2.abc.blif,31,18467,18002,0,1,7,accepted-best,1,1,14992,8,2,AOI31xp33_ASAP7_75t_L,4,0,1,41.090,34028234663852885981170418348451692544.000,34028234663852885981170418348451692544.000,6.170,OA21x2_ASAP7_75t_L,44.390,7.321,1,1,0,17961,1,18002,1,18447,1,18462,1,-1,-1,-1,-1
benchmarks/syn2.abc.blif,32,18467,18002,0,1,8,no-supers,0,0,14992,8,2,?,5,0,-1,34028234663852885981170418348451692544.000,34028234663852885981170418348451692544.000,0.000,34028234663852885981170418348451692544.000,AOI31xp33_ASAP7_75t_L,41.090,6.170,-1,-1,-1,17823,-1,17890,-1,18444,-1,18446,-1,18462,-1,-1,-1
benchmarks/syn2.abc.blif,33,18467,18002,0,1,9,no-supers,0,0,14992,8,2,?,5,0,-1,34028234663852885981170418348451692544.000,34028234663852885981170418348451692544.000,0.000,34028234663852885981170418348451692544.000,AOI31xp33_ASAP7_75t_L,41.090,6.170,-1,-1,-1,2439,-1,2451,-1,18448,-1,18460,-1,18453,-1,-1,-1
benchmarks/syn2.abc.blif,34,18467,18002,0,1,10,no-supers,0,0,14992,8,2,?,5,0,-1,34028234663852885981170418348451692544.000,34028234663852885981170418348451692544.000,0.000,34028234663852885981170418348451692544.000,AOI31xp33_ASAP7_75t_L,41.090,6.170,2,-1,-1,17854,-1,17844,-1,18002,-1,18447,-1,18462,-1,-1,-1
benchmarks/syn2.abc.blif,35,18467,18002,0,1,11,no-super-best,0,0,14992,8,2,?,5,0,-1,34028234663852885981170418348451692544.000,34028234663852885981170418348451692544.000,0.000,34028234663852885981170418348451692544.000,AOI31xp33_ASAP7_75t_L,41.090,6.170,-1,-1,-1,2439,-1,2445,-1,2451,-1,18448,-1,18453,-1,-1,-1
benchmarks/syn2.abc.blif,36,18467,18002,0,1,12,no-super-best,0,0,14992,8,2,?,5,0,-1,34028234663852885981170418348451692544.000,34028234663852885981170418348451692544.000,0.000,34028234663852885981170418348451692544.000,AOI31xp33_ASAP7_75t_L,41.090,6.170,1,-1,-1,17961,-1,18002,-1,18447,-1,18460,-1,18461,-1,-1,-1
benchmarks/syn2.abc.blif,37,18467,18002,0,1,13,no-super-best,0,0,14992,8,2,?,5,0,-1,34028234663852885981170418348451692544.000,34028234663852885981170418348451692544.000,0.000,34028234663852885981170418348451692544.000,AOI31xp33_ASAP7_75t_L,41.090,6.170,-1,-1,-1,17847,-1,18444,-1,18447,-1,18460,-1,18453,-1,-1,-1
benchmarks/syn2.abc.blif,38,18467,18002,0,1,14,no-super-best,0,0,14992,8,2,?,5,0,-1,34028234663852885981170418348451692544.000,34028234663852885981170418348451692544.000,0.000,34028234663852885981170418348451692544.000,AOI31xp33_ASAP7_75t_L,41.090,6.170,-1,-1,-1,18367,-1,18444,-1,18446,-1,18460,-1,18461,-1,-1,-1
benchmarks/syn2.abc.blif,39,18467,18002,0,1,15,no-supers,0,0,14992,8,2,?,5,0,-1,34028234663852885981170418348451692544.000,34028234663852885981170418348451692544.000,0.000,34028234663852885981170418348451692544.000,AOI31xp33_ASAP7_75t_L,41.090,6.170,-1,-1,-1,2445,-1,2451,-1,18444,-1,18447,-1,18461,-1,-1,-1
benchmarks/syn2.abc.blif,40,18467,18002,0,1,16,no-supers,0,0,14992,8,2,?,5,0,-1,34028234663852885981170418348451692544.000,34028234663852885981170418348451692544.000,0.000,34028234663852885981170418348451692544.000,AOI31xp33_ASAP7_75t_L,41.090,6.170,-1,-1,-1,17955,-1,18367,-1,18444,-1,18445,-1,18462,-1,-1,-1
benchmarks/syn2.abc.blif,41,18467,18002,0,1,17,no-supers,0,0,14992,8,2,?,5,0,-1,34028234663852885981170418348451692544.000,34028234663852885981170418348451692544.000,0.000,34028234663852885981170418348451692544.000,AOI31xp33_ASAP7_75t_L,41.090,6.170,-1,-1,-1,17836,-1,18295,-1,18444,-1,18446,-1,18462,-1,-1,-1
benchmarks/syn2.abc.blif,42,18467,18002,0,1,18,no-supers,0,0,14992,8,2,?,5,0,-1,34028234663852885981170418348451692544.000,34028234663852885981170418348451692544.000,0.000,34028234663852885981170418348451692544.000,AOI31xp33_ASAP7_75t_L,41.090,6.170,-1,-1,-1,17827,-1,17848,-1,17961,-1,18447,-1,18462,-1,-1,-1
benchmarks/syn2.abc.blif,43,18467,18002,0,1,19,no-supers,0,0,14992,8,2,?,5,0,-1,34028234663852885981170418348451692544.000,34028234663852885981170418348451692544.000,0.000,34028234663852885981170418348451692544.000,AOI31xp33_ASAP7_75t_L,41.090,6.170,1,-1,-1,17961,-1,18002,-1,18367,-1,18446,-1,18462,-1,-1,-1
benchmarks/syn2.abc.blif,44,18467,18002,0,1,20,no-supers,0,0,14992,8,2,?,5,0,-1,34028234663852885981170418348451692544.000,34028234663852885981170418348451692544.000,0.000,34028234663852885981170418348451692544.000,AOI31xp33_ASAP7_75t_L,41.090,6.170,-1,-1,-1,2445,-1,2451,-1,17847,-1,18448,-1,18453,-1,-1,-1
benchmarks/syn2.abc.blif,45,18467,18002,0,1,21,no-supers,0,0,14992,8,2,?,5,0,-1,34028234663852885981170418348451692544.000,34028234663852885981170418348451692544.000,0.000,34028234663852885981170418348451692544.000,AOI31xp33_ASAP7_75t_L,41.090,6.170,-1,-1,-1,18008,-1,18364,-1,18444,-1,18446,-1,18462,-1,-1,-1
benchmarks/syn2.abc.blif,46,18467,18002,0,1,22,no-supers,0,0,14992,8,2,?,5,0,-1,34028234663852885981170418348451692544.000,34028234663852885981170418348451692544.000,0.000,34028234663852885981170418348451692544.000,AOI31xp33_ASAP7_75t_L,41.090,6.170,-1,-1,-1,17847,-1,18367,-1,18448,-1,18460,-1,18452,-1,-1,-1
benchmarks/syn2.abc.blif,47,18467,18002,1,0,0,violates-required,0,0,14992,8,2,NAND2xp33_ASAP7_75t_L,2,3,5,53.990,43.450,-10.540,2.810,OAI21xp33_ASAP7_75t_L,41.660,6.861,-1,-1,-1,18448,0,18462,0,-1,-1,-1,-1,-1,-1,-1,-1
benchmarks/syn2.abc.blif,48,18467,18002,1,0,1,no-super-best,0,0,14992,8,2,?,3,0,-1,34028234663852885981170418348451692544.000,43.450,-34028234663852885981170418348451692544.000,34028234663852885981170418348451692544.000,OAI21xp33_ASAP7_75t_L,41.660,6.861,-1,-1,-1,18448,-1,18460,-1,18461,-1,-1,-1,-1,-1,-1,-1
benchmarks/syn2.abc.blif,49,18467,18002,1,0,2,accepted-best,1,1,14992,8,2,OAI21xp33_ASAP7_75t_L,3,7,2,41.660,43.450,1.790,5.102,OAI21xp33_ASAP7_75t_L,41.660,6.861,-1,-1,-1,18444,0,18447,0,18462,0,-1,-1,-1,-1,-1,-1
benchmarks/syn2.abc.blif,50,18467,18002,1,0,3,no-super-best,0,0,14992,8,2,?,4,0,-1,34028234663852885981170418348451692544.000,43.450,-34028234663852885981170418348451692544.000,34028234663852885981170418348451692544.000,OAI21xp33_ASAP7_75t_L,41.660,5.102,-1,-1,-1,17847,-1,18448,-1,18460,-1,18453,-1,-1,-1,-1,-1
benchmarks/syn2.abc.blif,51,18467,18002,1,0,4,no-super-best,0,0,14992,8,2,?,4,0,-1,34028234663852885981170418348451692544.000,43.450,-34028234663852885981170418348451692544.000,34028234663852885981170418348451692544.000,OAI21xp33_ASAP7_75t_L,41.660,5.102,-1,-1,-1,18367,-1,18444,-1,18446,-1,18462,-1,-1,-1,-1,-1
benchmarks/syn2.abc.blif,52,18467,18002,1,0,5,no-super-best,0,0,14992,8,2,?,4,0,-1,34028234663852885981170418348451692544.000,43.450,-34028234663852885981170418348451692544.000,34028234663852885981170418348451692544.000,OAI21xp33_ASAP7_75t_L,41.660,5.102,-1,-1,-1,2445,-1,2451,-1,18448,-1,18461,-1,-1,-1,-1,-1
benchmarks/syn2.abc.blif,53,18467,18002,1,0,6,no-super-best,0,0,14992,8,2,?,4,0,-1,34028234663852885981170418348451692544.000,43.450,-34028234663852885981170418348451692544.000,34028234663852885981170418348451692544.000,OAI21xp33_ASAP7_75t_L,41.660,5.102,-1,-1,-1,18444,-1,18447,-1,18460,-1,18461,-1,-1,-1,-1,-1
benchmarks/syn2.abc.blif,54,18467,18002,1,0,7,nonselected,1,0,14992,8,2,OAI31xp33_ASAP7_75t_L,4,15,1,43.190,43.450,0.260,5.545,OAI21xp33_ASAP7_75t_L,41.660,5.102,1,0,1,17961,0,18002,0,18447,0,18462,0,-1,-1,-1,-1
benchmarks/syn2.abc.blif,55,18467,18002,1,0,8,no-supers,0,0,14992,8,2,?,5,0,-1,34028234663852885981170418348451692544.000,43.450,-34028234663852885981170418348451692544.000,34028234663852885981170418348451692544.000,OAI21xp33_ASAP7_75t_L,41.660,5.102,-1,-1,-1,17823,-1,17890,-1,18444,-1,18446,-1,18462,-1,-1,-1
benchmarks/syn2.abc.blif,56,18467,18002,1,0,9,no-supers,0,0,14992,8,2,?,5,0,-1,34028234663852885981170418348451692544.000,43.450,-34028234663852885981170418348451692544.000,34028234663852885981170418348451692544.000,OAI21xp33_ASAP7_75t_L,41.660,5.102,-1,-1,-1,2439,-1,2451,-1,18448,-1,18460,-1,18453,-1,-1,-1
benchmarks/syn2.abc.blif,57,18467,18002,1,0,10,no-supers,0,0,14992,8,2,?,5,0,-1,34028234663852885981170418348451692544.000,43.450,-34028234663852885981170418348451692544.000,34028234663852885981170418348451692544.000,OAI21xp33_ASAP7_75t_L,41.660,5.102,2,-1,-1,17854,-1,17844,-1,18002,-1,18447,-1,18462,-1,-1,-1
benchmarks/syn2.abc.blif,58,18467,18002,1,0,11,no-supers,0,0,14992,8,2,?,5,0,-1,34028234663852885981170418348451692544.000,43.450,-34028234663852885981170418348451692544.000,34028234663852885981170418348451692544.000,OAI21xp33_ASAP7_75t_L,41.660,5.102,-1,-1,-1,2439,-1,2445,-1,2451,-1,18448,-1,18453,-1,-1,-1
benchmarks/syn2.abc.blif,59,18467,18002,1,0,12,no-super-best,0,0,14992,8,2,?,5,0,-1,34028234663852885981170418348451692544.000,43.450,-34028234663852885981170418348451692544.000,34028234663852885981170418348451692544.000,OAI21xp33_ASAP7_75t_L,41.660,5.102,1,-1,-1,17961,-1,18002,-1,18447,-1,18460,-1,18461,-1,-1,-1
benchmarks/syn2.abc.blif,60,18467,18002,1,0,13,no-super-best,0,0,14992,8,2,?,5,0,-1,34028234663852885981170418348451692544.000,43.450,-34028234663852885981170418348451692544.000,34028234663852885981170418348451692544.000,OAI21xp33_ASAP7_75t_L,41.660,5.102,-1,-1,-1,17847,-1,18444,-1,18447,-1,18460,-1,18453,-1,-1,-1
benchmarks/syn2.abc.blif,61,18467,18002,1,0,14,no-super-best,0,0,14992,8,2,?,5,0,-1,34028234663852885981170418348451692544.000,43.450,-34028234663852885981170418348451692544.000,34028234663852885981170418348451692544.000,OAI21xp33_ASAP7_75t_L,41.660,5.102,-1,-1,-1,18367,-1,18444,-1,18446,-1,18460,-1,18461,-1,-1,-1
benchmarks/syn2.abc.blif,62,18467,18002,1,0,15,no-supers,0,0,14992,8,2,?,5,0,-1,34028234663852885981170418348451692544.000,43.450,-34028234663852885981170418348451692544.000,34028234663852885981170418348451692544.000,OAI21xp33_ASAP7_75t_L,41.660,5.102,-1,-1,-1,2445,-1,2451,-1,18444,-1,18447,-1,18461,-1,-1,-1
benchmarks/syn2.abc.blif,63,18467,18002,1,0,16,no-supers,0,0,14992,8,2,?,5,0,-1,34028234663852885981170418348451692544.000,43.450,-34028234663852885981170418348451692544.000,34028234663852885981170418348451692544.000,OAI21xp33_ASAP7_75t_L,41.660,5.102,-1,-1,-1,17955,-1,18367,-1,18444,-1,18445,-1,18462,-1,-1,-1
benchmarks/syn2.abc.blif,64,18467,18002,1,0,17,no-supers,0,0,14992,8,2,?,5,0,-1,34028234663852885981170418348451692544.000,43.450,-34028234663852885981170418348451692544.000,34028234663852885981170418348451692544.000,OAI21xp33_ASAP7_75t_L,41.660,5.102,-1,-1,-1,17836,-1,18295,-1,18444,-1,18446,-1,18462,-1,-1,-1
benchmarks/syn2.abc.blif,65,18467,18002,1,0,18,no-supers,0,0,14992,8,2,?,5,0,-1,34028234663852885981170418348451692544.000,43.450,-34028234663852885981170418348451692544.000,34028234663852885981170418348451692544.000,OAI21xp33_ASAP7_75t_L,41.660,5.102,-1,-1,-1,17827,-1,17848,-1,17961,-1,18447,-1,18462,-1,-1,-1
benchmarks/syn2.abc.blif,66,18467,18002,1,0,19,no-supers,0,0,14992,8,2,?,5,0,-1,34028234663852885981170418348451692544.000,43.450,-34028234663852885981170418348451692544.000,34028234663852885981170418348451692544.000,OAI21xp33_ASAP7_75t_L,41.660,5.102,1,-1,-1,17961,-1,18002,-1,18367,-1,18446,-1,18462,-1,-1,-1
benchmarks/syn2.abc.blif,67,18467,18002,1,0,20,no-supers,0,0,14992,8,2,?,5,0,-1,34028234663852885981170418348451692544.000,43.450,-34028234663852885981170418348451692544.000,34028234663852885981170418348451692544.000,OAI21xp33_ASAP7_75t_L,41.660,5.102,-1,-1,-1,2445,-1,2451,-1,17847,-1,18448,-1,18453,-1,-1,-1
benchmarks/syn2.abc.blif,68,18467,18002,1,0,21,no-supers,0,0,14992,8,2,?,5,0,-1,34028234663852885981170418348451692544.000,43.450,-34028234663852885981170418348451692544.000,34028234663852885981170418348451692544.000,OAI21xp33_ASAP7_75t_L,41.660,5.102,-1,-1,-1,18008,-1,18364,-1,18444,-1,18446,-1,18462,-1,-1,-1
benchmarks/syn2.abc.blif,69,18467,18002,1,0,22,no-supers,0,0,14992,8,2,?,5,0,-1,34028234663852885981170418348451692544.000,43.450,-34028234663852885981170418348451692544.000,34028234663852885981170418348451692544.000,OAI21xp33_ASAP7_75t_L,41.660,5.102,-1,-1,-1,17847,-1,18367,-1,18448,-1,18460,-1,18452,-1,-1,-1
benchmarks/syn2.abc.blif,70,18467,18002,1,1,0,violates-required,0,0,14992,8,2,NOR2xp33_ASAP7_75t_L,2,0,5,47.390,44.320,-3.070,3.127,AOI31xp33_ASAP7_75t_L,40.280,6.170,-1,-1,-1,18448,1,18462,1,-1,-1,-1,-1,-1,-1,-1,-1
benchmarks/syn2.abc.blif,71,18467,18002,1,1,1,no-super-best,0,0,14992,8,2,?,3,0,-1,34028234663852885981170418348451692544.000,44.320,-34028234663852885981170418348451692544.000,34028234663852885981170418348451692544.000,AOI31xp33_ASAP7_75t_L,40.280,6.170,-1,-1,-1,18448,-1,18460,-1,18461,-1,-1,-1,-1,-1,-1,-1
benchmarks/syn2.abc.blif,72,18467,18002,1,1,2,violates-required,0,0,14992,8,2,OA21x2_ASAP7_75t_L,3,7,2,45.270,44.320,-0.950,5.562,AOI31xp33_ASAP7_75t_L,40.280,6.170,-1,-1,-1,18444,0,18447,0,18462,0,-1,-1,-1,-1,-1,-1
benchmarks/syn2.abc.blif,73,18467,18002,1,1,3,no-super-best,0,0,14992,8,2,?,4,0,-1,34028234663852885981170418348451692544.000,44.320,-34028234663852885981170418348451692544.000,34028234663852885981170418348451692544.000,AOI31xp33_ASAP7_75t_L,40.280,6.170,-1,-1,-1,17847,-1,18448,-1,18460,-1,18453,-1,-1,-1,-1,-1
benchmarks/syn2.abc.blif,74,18467,18002,1,1,4,no-super-best,0,0,14992,8,2,?,4,0,-1,34028234663852885981170418348451692544.000,44.320,-34028234663852885981170418348451692544.000,34028234663852885981170418348451692544.000,AOI31xp33_ASAP7_75t_L,40.280,6.170,-1,-1,-1,18367,-1,18444,-1,18446,-1,18462,-1,-1,-1,-1,-1
benchmarks/syn2.abc.blif,75,18467,18002,1,1,5,no-super-best,0,0,14992,8,2,?,4,0,-1,34028234663852885981170418348451692544.000,44.320,-34028234663852885981170418348451692544.000,34028234663852885981170418348451692544.000,AOI31xp33_ASAP7_75t_L,40.280,6.170,-1,-1,-1,2445,-1,2451,-1,18448,-1,18461,-1,-1,-1,-1,-1
benchmarks/syn2.abc.blif,76,18467,18002,1,1,6,no-super-best,0,0,14992,8,2,?,4,0,-1,34028234663852885981170418348451692544.000,44.320,-34028234663852885981170418348451692544.000,34028234663852885981170418348451692544.000,AOI31xp33_ASAP7_75t_L,40.280,6.170,-1,-1,-1,18444,-1,18447,-1,18460,-1,18461,-1,-1,-1,-1,-1
benchmarks/syn2.abc.blif,77,18467,18002,1,1,7,accepted-best,1,1,14992,8,2,AOI31xp33_ASAP7_75t_L,4,0,1,40.280,44.320,4.040,4.216,AOI31xp33_ASAP7_75t_L,40.280,6.170,1,1,0,17961,1,18002,1,18447,1,18462,1,-1,-1,-1,-1
benchmarks/syn2.abc.blif,78,18467,18002,1,1,8,no-supers,0,0,14992,8,2,?,5,0,-1,34028234663852885981170418348451692544.000,44.320,-34028234663852885981170418348451692544.000,34028234663852885981170418348451692544.000,AOI31xp33_ASAP7_75t_L,40.280,4.216,-1,-1,-1,17823,-1,17890,-1,18444,-1,18446,-1,18462,-1,-1,-1
benchmarks/syn2.abc.blif,79,18467,18002,1,1,9,no-supers,0,0,14992,8,2,?,5,0,-1,34028234663852885981170418348451692544.000,44.320,-34028234663852885981170418348451692544.000,34028234663852885981170418348451692544.000,AOI31xp33_ASAP7_75t_L,40.280,4.216,-1,-1,-1,2439,-1,2451,-1,18448,-1,18460,-1,18453,-1,-1,-1
benchmarks/syn2.abc.blif,80,18467,18002,1,1,10,no-supers,0,0,14992,8,2,?,5,0,-1,34028234663852885981170418348451692544.000,44.320,-34028234663852885981170418348451692544.000,34028234663852885981170418348451692544.000,AOI31xp33_ASAP7_75t_L,40.280,4.216,2,-1,-1,17854,-1,17844,-1,18002,-1,18447,-1,18462,-1,-1,-1
benchmarks/syn2.abc.blif,81,18467,18002,1,1,11,no-super-best,0,0,14992,8,2,?,5,0,-1,34028234663852885981170418348451692544.000,44.320,-34028234663852885981170418348451692544.000,34028234663852885981170418348451692544.000,AOI31xp33_ASAP7_75t_L,40.280,4.216,-1,-1,-1,2439,-1,2445,-1,2451,-1,18448,-1,18453,-1,-1,-1
benchmarks/syn2.abc.blif,82,18467,18002,1,1,12,accepted-best,1,1,14992,8,2,AOI32xp33_ASAP7_75t_L,5,8,1,41.640,44.320,2.680,3.872,AOI31xp33_ASAP7_75t_L,40.280,4.216,1,1,0,17961,1,18002,1,18447,1,18460,0,18461,1,-1,-1
benchmarks/syn2.abc.blif,83,18467,18002,1,1,13,no-super-best,0,0,14992,8,2,?,5,0,-1,34028234663852885981170418348451692544.000,44.320,-34028234663852885981170418348451692544.000,34028234663852885981170418348451692544.000,AOI32xp33_ASAP7_75t_L,41.640,3.872,-1,-1,-1,17847,-1,18444,-1,18447,-1,18460,-1,18453,-1,-1,-1
benchmarks/syn2.abc.blif,84,18467,18002,1,1,14,no-super-best,0,0,14992,8,2,?,5,0,-1,34028234663852885981170418348451692544.000,44.320,-34028234663852885981170418348451692544.000,34028234663852885981170418348451692544.000,AOI32xp33_ASAP7_75t_L,41.640,3.872,-1,-1,-1,18367,-1,18444,-1,18446,-1,18460,-1,18461,-1,-1,-1
benchmarks/syn2.abc.blif,85,18467,18002,1,1,15,no-supers,0,0,14992,8,2,?,5,0,-1,34028234663852885981170418348451692544.000,44.320,-34028234663852885981170418348451692544.000,34028234663852885981170418348451692544.000,AOI32xp33_ASAP7_75t_L,41.640,3.872,-1,-1,-1,2445,-1,2451,-1,18444,-1,18447,-1,18461,-1,-1,-1
benchmarks/syn2.abc.blif,86,18467,18002,1,1,16,no-supers,0,0,14992,8,2,?,5,0,-1,34028234663852885981170418348451692544.000,44.320,-34028234663852885981170418348451692544.000,34028234663852885981170418348451692544.000,AOI32xp33_ASAP7_75t_L,41.640,3.872,-1,-1,-1,17955,-1,18367,-1,18444,-1,18445,-1,18462,-1,-1,-1
benchmarks/syn2.abc.blif,87,18467,18002,1,1,17,no-supers,0,0,14992,8,2,?,5,0,-1,34028234663852885981170418348451692544.000,44.320,-34028234663852885981170418348451692544.000,34028234663852885981170418348451692544.000,AOI32xp33_ASAP7_75t_L,41.640,3.872,-1,-1,-1,17836,-1,18295,-1,18444,-1,18446,-1,18462,-1,-1,-1
benchmarks/syn2.abc.blif,88,18467,18002,1,1,18,no-supers,0,0,14992,8,2,?,5,0,-1,34028234663852885981170418348451692544.000,44.320,-34028234663852885981170418348451692544.000,34028234663852885981170418348451692544.000,AOI32xp33_ASAP7_75t_L,41.640,3.872,-1,-1,-1,17827,-1,17848,-1,17961,-1,18447,-1,18462,-1,-1,-1
benchmarks/syn2.abc.blif,89,18467,18002,1,1,19,no-supers,0,0,14992,8,2,?,5,0,-1,34028234663852885981170418348451692544.000,44.320,-34028234663852885981170418348451692544.000,34028234663852885981170418348451692544.000,AOI32xp33_ASAP7_75t_L,41.640,3.872,1,-1,-1,17961,-1,18002,-1,18367,-1,18446,-1,18462,-1,-1,-1
benchmarks/syn2.abc.blif,90,18467,18002,1,1,20,no-supers,0,0,14992,8,2,?,5,0,-1,34028234663852885981170418348451692544.000,44.320,-34028234663852885981170418348451692544.000,34028234663852885981170418348451692544.000,AOI32xp33_ASAP7_75t_L,41.640,3.872,-1,-1,-1,2445,-1,2451,-1,17847,-1,18448,-1,18453,-1,-1,-1
benchmarks/syn2.abc.blif,91,18467,18002,1,1,21,no-supers,0,0,14992,8,2,?,5,0,-1,34028234663852885981170418348451692544.000,44.320,-34028234663852885981170418348451692544.000,34028234663852885981170418348451692544.000,AOI32xp33_ASAP7_75t_L,41.640,3.872,-1,-1,-1,18008,-1,18364,-1,18444,-1,18446,-1,18462,-1,-1,-1
benchmarks/syn2.abc.blif,92,18467,18002,1,1,22,no-supers,0,0,14992,8,2,?,5,0,-1,34028234663852885981170418348451692544.000,44.320,-34028234663852885981170418348451692544.000,34028234663852885981170418348451692544.000,AOI32xp33_ASAP7_75t_L,41.640,3.872,-1,-1,-1,17847,-1,18367,-1,18448,-1,18460,-1,18452,-1,-1,-1
benchmarks/syn2.abc.blif,93,18467,18002,2,0,0,violates-required,0,0,14992,8,2,NAND2xp33_ASAP7_75t_L,2,3,5,52.830,43.440,-9.390,3.260,OAI21xp33_ASAP7_75t_L,42.390,4.900,-1,-1,-1,18448,0,18462,0,-1,-1,-1,-1,-1,-1,-1,-1
benchmarks/syn2.abc.blif,94,18467,18002,2,0,1,no-super-best,0,0,14992,8,2,?,3,0,-1,34028234663852885981170418348451692544.000,43.440,-34028234663852885981170418348451692544.000,34028234663852885981170418348451692544.000,OAI21xp33_ASAP7_75t_L,42.390,4.900,-1,-1,-1,18448,-1,18460,-1,18461,-1,-1,-1,-1,-1,-1,-1
benchmarks/syn2.abc.blif,95,18467,18002,2,0,2,accepted-best,1,1,14992,8,2,OAI21xp33_ASAP7_75t_L,3,7,2,42.000,43.440,1.440,4.900,OAI21xp33_ASAP7_75t_L,42.390,4.900,-1,-1,-1,18444,0,18447,0,18462,0,-1,-1,-1,-1,-1,-1
benchmarks/syn2.abc.blif,96,18467,18002,2,0,3,no-super-best,0,0,14992,8,2,?,4,0,-1,34028234663852885981170418348451692544.000,43.440,-34028234663852885981170418348451692544.000,34028234663852885981170418348451692544.000,OAI21xp33_ASAP7_75t_L,42.000,4.900,-1,-1,-1,17847,-1,18448,-1,18460,-1,18453,-1,-1,-1,-1,-1
benchmarks/syn2.abc.blif,97,18467,18002,2,0,4,nonselected,1,0,14992,8,2,OAI31xp33_ASAP7_75t_L,4,15,1,43.180,43.440,0.260,6.060,OAI21xp33_ASAP7_75t_L,42.000,4.900,-1,-1,-1,18367,0,18444,0,18446,0,18462,0,-1,-1,-1,-1
benchmarks/syn2.abc.blif,98,18467,18002,2,0,5,no-super-best,0,0,14992,8,2,?,4,0,-1,34028234663852885981170418348451692544.000,43.440,-34028234663852885981170418348451692544.000,34028234663852885981170418348451692544.000,OAI21xp33_ASAP7_75t_L,42.000,4.900,-1,-1,-1,2445,-1,2451,-1,18448,-1,18461,-1,-1,-1,-1,-1
benchmarks/syn2.abc.blif,99,18467,18002,2,0,6,no-super-best,0,0,14992,8,2,?,4,0,-1,34028234663852885981170418348451692544.000,43.440,-34028234663852885981170418348451692544.000,34028234663852885981170418348451692544.000,OAI21xp33_ASAP7_75t_L,42.000,4.900,-1,-1,-1,18444,-1,18447,-1,18460,-1,18461,-1,-1,-1,-1,-1
benchmarks/syn2.abc.blif,100,18467,18002,2,0,7,violates-required,0,0,14992,8,2,OAI31xp33_ASAP7_75t_L,4,15,1,44.350,43.440,-0.910,4.200,OAI21xp33_ASAP7_75t_L,42.000,4.900,1,0,1,17961,0,18002,0,18447,0,18462,0,-1,-1,-1,-1
benchmarks/syn2.abc.blif,101,18467,18002,2,0,8,no-supers,0,0,14992,8,2,?,5,0,-1,34028234663852885981170418348451692544.000,43.440,-34028234663852885981170418348451692544.000,34028234663852885981170418348451692544.000,OAI21xp33_ASAP7_75t_L,42.000,4.900,-1,-1,-1,17823,-1,17890,-1,18444,-1,18446,-1,18462,-1,-1,-1
benchmarks/syn2.abc.blif,102,18467,18002,2,0,9,no-supers,0,0,14992,8,2,?,5,0,-1,34028234663852885981170418348451692544.000,43.440,-34028234663852885981170418348451692544.000,34028234663852885981170418348451692544.000,OAI21xp33_ASAP7_75t_L,42.000,4.900,-1,-1,-1,2439,-1,2451,-1,18448,-1,18460,-1,18453,-1,-1,-1
benchmarks/syn2.abc.blif,103,18467,18002,2,0,10,no-supers,0,0,14992,8,2,?,5,0,-1,34028234663852885981170418348451692544.000,43.440,-34028234663852885981170418348451692544.000,34028234663852885981170418348451692544.000,OAI21xp33_ASAP7_75t_L,42.000,4.900,2,-1,-1,17854,-1,17844,-1,18002,-1,18447,-1,18462,-1,-1,-1
benchmarks/syn2.abc.blif,104,18467,18002,2,0,11,no-supers,0,0,14992,8,2,?,5,0,-1,34028234663852885981170418348451692544.000,43.440,-34028234663852885981170418348451692544.000,34028234663852885981170418348451692544.000,OAI21xp33_ASAP7_75t_L,42.000,4.900,-1,-1,-1,2439,-1,2445,-1,2451,-1,18448,-1,18453,-1,-1,-1
benchmarks/syn2.abc.blif,105,18467,18002,2,0,12,no-super-best,0,0,14992,8,2,?,5,0,-1,34028234663852885981170418348451692544.000,43.440,-34028234663852885981170418348451692544.000,34028234663852885981170418348451692544.000,OAI21xp33_ASAP7_75t_L,42.000,4.900,1,-1,-1,17961,-1,18002,-1,18447,-1,18460,-1,18461,-1,-1,-1
benchmarks/syn2.abc.blif,106,18467,18002,2,0,13,no-super-best,0,0,14992,8,2,?,5,0,-1,34028234663852885981170418348451692544.000,43.440,-34028234663852885981170418348451692544.000,34028234663852885981170418348451692544.000,OAI21xp33_ASAP7_75t_L,42.000,4.900,-1,-1,-1,17847,-1,18444,-1,18447,-1,18460,-1,18453,-1,-1,-1
benchmarks/syn2.abc.blif,107,18467,18002,2,0,14,no-super-best,0,0,14992,8,2,?,5,0,-1,34028234663852885981170418348451692544.000,43.440,-34028234663852885981170418348451692544.000,34028234663852885981170418348451692544.000,OAI21xp33_ASAP7_75t_L,42.000,4.900,-1,-1,-1,18367,-1,18444,-1,18446,-1,18460,-1,18461,-1,-1,-1
benchmarks/syn2.abc.blif,108,18467,18002,2,0,15,no-supers,0,0,14992,8,2,?,5,0,-1,34028234663852885981170418348451692544.000,43.440,-34028234663852885981170418348451692544.000,34028234663852885981170418348451692544.000,OAI21xp33_ASAP7_75t_L,42.000,4.900,-1,-1,-1,2445,-1,2451,-1,18444,-1,18447,-1,18461,-1,-1,-1
benchmarks/syn2.abc.blif,109,18467,18002,2,0,16,no-supers,0,0,14992,8,2,?,5,0,-1,34028234663852885981170418348451692544.000,43.440,-34028234663852885981170418348451692544.000,34028234663852885981170418348451692544.000,OAI21xp33_ASAP7_75t_L,42.000,4.900,-1,-1,-1,17955,-1,18367,-1,18444,-1,18445,-1,18462,-1,-1,-1
benchmarks/syn2.abc.blif,110,18467,18002,2,0,17,no-supers,0,0,14992,8,2,?,5,0,-1,34028234663852885981170418348451692544.000,43.440,-34028234663852885981170418348451692544.000,34028234663852885981170418348451692544.000,OAI21xp33_ASAP7_75t_L,42.000,4.900,-1,-1,-1,17836,-1,18295,-1,18444,-1,18446,-1,18462,-1,-1,-1
benchmarks/syn2.abc.blif,111,18467,18002,2,0,18,no-supers,0,0,14992,8,2,?,5,0,-1,34028234663852885981170418348451692544.000,43.440,-34028234663852885981170418348451692544.000,34028234663852885981170418348451692544.000,OAI21xp33_ASAP7_75t_L,42.000,4.900,-1,-1,-1,17827,-1,17848,-1,17961,-1,18447,-1,18462,-1,-1,-1
benchmarks/syn2.abc.blif,112,18467,18002,2,0,19,no-supers,0,0,14992,8,2,?,5,0,-1,34028234663852885981170418348451692544.000,43.440,-34028234663852885981170418348451692544.000,34028234663852885981170418348451692544.000,OAI21xp33_ASAP7_75t_L,42.000,4.900,1,-1,-1,17961,-1,18002,-1,18367,-1,18446,-1,18462,-1,-1,-1
benchmarks/syn2.abc.blif,113,18467,18002,2,0,20,no-supers,0,0,14992,8,2,?,5,0,-1,34028234663852885981170418348451692544.000,43.440,-34028234663852885981170418348451692544.000,34028234663852885981170418348451692544.000,OAI21xp33_ASAP7_75t_L,42.000,4.900,-1,-1,-1,2445,-1,2451,-1,17847,-1,18448,-1,18453,-1,-1,-1
benchmarks/syn2.abc.blif,114,18467,18002,2,0,21,no-supers,0,0,14992,8,2,?,5,0,-1,34028234663852885981170418348451692544.000,43.440,-34028234663852885981170418348451692544.000,34028234663852885981170418348451692544.000,OAI21xp33_ASAP7_75t_L,42.000,4.900,-1,-1,-1,18008,-1,18364,-1,18444,-1,18446,-1,18462,-1,-1,-1
benchmarks/syn2.abc.blif,115,18467,18002,2,0,22,no-supers,0,0,14992,8,2,?,5,0,-1,34028234663852885981170418348451692544.000,43.440,-34028234663852885981170418348451692544.000,34028234663852885981170418348451692544.000,OAI21xp33_ASAP7_75t_L,42.000,4.900,-1,-1,-1,17847,-1,18367,-1,18448,-1,18460,-1,18452,-1,-1,-1
benchmarks/syn2.abc.blif,116,18467,18002,2,1,0,violates-required,0,0,14992,8,2,NOR2xp33_ASAP7_75t_L,2,0,5,49.790,42.700,-7.090,0.930,AOI32xp33_ASAP7_75t_L,41.640,1.630,-1,-1,-1,18448,1,18462,1,-1,-1,-1,-1,-1,-1,-1,-1
benchmarks/syn2.abc.blif,117,18467,18002,2,1,1,no-super-best,0,0,14992,8,2,?,3,0,-1,34028234663852885981170418348451692544.000,42.700,-34028234663852885981170418348451692544.000,34028234663852885981170418348451692544.000,AOI32xp33_ASAP7_75t_L,41.640,1.630,-1,-1,-1,18448,-1,18460,-1,18461,-1,-1,-1,-1,-1,-1,-1
benchmarks/syn2.abc.blif,118,18467,18002,2,1,2,violates-required,0,0,14992,8,2,OA21x2_ASAP7_75t_L,3,7,2,45.680,42.700,-2.980,1.630,AOI32xp33_ASAP7_75t_L,41.640,1.630,-1,-1,-1,18444,0,18447,0,18462,0,-1,-1,-1,-1,-1,-1
benchmarks/syn2.abc.blif,119,18467,18002,2,1,3,no-super-best,0,0,14992,8,2,?,4,0,-1,34028234663852885981170418348451692544.000,42.700,-34028234663852885981170418348451692544.000,34028234663852885981170418348451692544.000,AOI32xp33_ASAP7_75t_L,41.640,1.630,-1,-1,-1,17847,-1,18448,-1,18460,-1,18453,-1,-1,-1,-1,-1
benchmarks/syn2.abc.blif,120,18467,18002,2,1,4,no-super-best,0,0,14992,8,2,?,4,0,-1,34028234663852885981170418348451692544.000,42.700,-34028234663852885981170418348451692544.000,34028234663852885981170418348451692544.000,AOI32xp33_ASAP7_75t_L,41.640,1.630,-1,-1,-1,18367,-1,18444,-1,18446,-1,18462,-1,-1,-1,-1,-1
benchmarks/syn2.abc.blif,121,18467,18002,2,1,5,no-super-best,0,0,14992,8,2,?,4,0,-1,34028234663852885981170418348451692544.000,42.700,-34028234663852885981170418348451692544.000,34028234663852885981170418348451692544.000,AOI32xp33_ASAP7_75t_L,41.640,1.630,-1,-1,-1,2445,-1,2451,-1,18448,-1,18461,-1,-1,-1,-1,-1
benchmarks/syn2.abc.blif,122,18467,18002,2,1,6,no-super-best,0,0,14992,8,2,?,4,0,-1,34028234663852885981170418348451692544.000,42.700,-34028234663852885981170418348451692544.000,34028234663852885981170418348451692544.000,AOI32xp33_ASAP7_75t_L,41.640,1.630,-1,-1,-1,18444,-1,18447,-1,18460,-1,18461,-1,-1,-1,-1,-1
benchmarks/syn2.abc.blif,123,18467,18002,2,1,7,violates-required,0,0,14992,8,2,AOI31xp33_ASAP7_75t_L,4,0,1,51.800,42.700,-9.100,1.400,AOI32xp33_ASAP7_75t_L,41.640,1.630,1,1,0,17961,1,18002,1,18447,1,18462,1,-1,-1,-1,-1
benchmarks/syn2.abc.blif,124,18467,18002,2,1,8,no-supers,0,0,14992,8,2,?,5,0,-1,34028234663852885981170418348451692544.000,42.700,-34028234663852885981170418348451692544.000,34028234663852885981170418348451692544.000,AOI32xp33_ASAP7_75t_L,41.640,1.630,-1,-1,-1,17823,-1,17890,-1,18444,-1,18446,-1,18462,-1,-1,-1
benchmarks/syn2.abc.blif,125,18467,18002,2,1,9,no-supers,0,0,14992,8,2,?,5,0,-1,34028234663852885981170418348451692544.000,42.700,-34028234663852885981170418348451692544.000,34028234663852885981170418348451692544.000,AOI32xp33_ASAP7_75t_L,41.640,1.630,-1,-1,-1,2439,-1,2451,-1,18448,-1,18460,-1,18453,-1,-1,-1
benchmarks/syn2.abc.blif,126,18467,18002,2,1,10,no-supers,0,0,14992,8,2,?,5,0,-1,34028234663852885981170418348451692544.000,42.700,-34028234663852885981170418348451692544.000,34028234663852885981170418348451692544.000,AOI32xp33_ASAP7_75t_L,41.640,1.630,2,-1,-1,17854,-1,17844,-1,18002,-1,18447,-1,18462,-1,-1,-1
benchmarks/syn2.abc.blif,127,18467,18002,2,1,11,no-super-best,0,0,14992,8,2,?,5,0,-1,34028234663852885981170418348451692544.000,42.700,-34028234663852885981170418348451692544.000,34028234663852885981170418348451692544.000,AOI32xp33_ASAP7_75t_L,41.640,1.630,-1,-1,-1,2439,-1,2445,-1,2451,-1,18448,-1,18453,-1,-1,-1
benchmarks/syn2.abc.blif,128,18467,18002,2,1,12,nonselected,1,0,14992,8,2,AOI32xp33_ASAP7_75t_L,5,8,1,41.640,42.700,1.060,1.630,AOI32xp33_ASAP7_75t_L,41.640,1.630,1,1,0,17961,1,18002,1,18447,1,18460,0,18461,1,-1,-1
benchmarks/syn2.abc.blif,129,18467,18002,2,1,13,no-super-best,0,0,14992,8,2,?,5,0,-1,34028234663852885981170418348451692544.000,42.700,-34028234663852885981170418348451692544.000,34028234663852885981170418348451692544.000,AOI32xp33_ASAP7_75t_L,41.640,1.630,-1,-1,-1,17847,-1,18444,-1,18447,-1,18460,-1,18453,-1,-1,-1
benchmarks/syn2.abc.blif,130,18467,18002,2,1,14,no-super-best,0,0,14992,8,2,?,5,0,-1,34028234663852885981170418348451692544.000,42.700,-34028234663852885981170418348451692544.000,34028234663852885981170418348451692544.000,AOI32xp33_ASAP7_75t_L,41.640,1.630,-1,-1,-1,18367,-1,18444,-1,18446,-1,18460,-1,18461,-1,-1,-1
benchmarks/syn2.abc.blif,131,18467,18002,2,1,15,no-supers,0,0,14992,8,2,?,5,0,-1,34028234663852885981170418348451692544.000,42.700,-34028234663852885981170418348451692544.000,34028234663852885981170418348451692544.000,AOI32xp33_ASAP7_75t_L,41.640,1.630,-1,-1,-1,2445,-1,2451,-1,18444,-1,18447,-1,18461,-1,-1,-1
benchmarks/syn2.abc.blif,132,18467,18002,2,1,16,no-supers,0,0,14992,8,2,?,5,0,-1,34028234663852885981170418348451692544.000,42.700,-34028234663852885981170418348451692544.000,34028234663852885981170418348451692544.000,AOI32xp33_ASAP7_75t_L,41.640,1.630,-1,-1,-1,17955,-1,18367,-1,18444,-1,18445,-1,18462,-1,-1,-1
benchmarks/syn2.abc.blif,133,18467,18002,2,1,17,no-supers,0,0,14992,8,2,?,5,0,-1,34028234663852885981170418348451692544.000,42.700,-34028234663852885981170418348451692544.000,34028234663852885981170418348451692544.000,AOI32xp33_ASAP7_75t_L,41.640,1.630,-1,-1,-1,17836,-1,18295,-1,18444,-1,18446,-1,18462,-1,-1,-1
benchmarks/syn2.abc.blif,134,18467,18002,2,1,18,no-supers,0,0,14992,8,2,?,5,0,-1,34028234663852885981170418348451692544.000,42.700,-34028234663852885981170418348451692544.000,34028234663852885981170418348451692544.000,AOI32xp33_ASAP7_75t_L,41.640,1.630,-1,-1,-1,17827,-1,17848,-1,17961,-1,18447,-1,18462,-1,-1,-1
benchmarks/syn2.abc.blif,135,18467,18002,2,1,19,no-supers,0,0,14992,8,2,?,5,0,-1,34028234663852885981170418348451692544.000,42.700,-34028234663852885981170418348451692544.000,34028234663852885981170418348451692544.000,AOI32xp33_ASAP7_75t_L,41.640,1.630,1,-1,-1,17961,-1,18002,-1,18367,-1,18446,-1,18462,-1,-1,-1
benchmarks/syn2.abc.blif,136,18467,18002,2,1,20,no-supers,0,0,14992,8,2,?,5,0,-1,34028234663852885981170418348451692544.000,42.700,-34028234663852885981170418348451692544.000,34028234663852885981170418348451692544.000,AOI32xp33_ASAP7_75t_L,41.640,1.630,-1,-1,-1,2445,-1,2451,-1,17847,-1,18448,-1,18453,-1,-1,-1
benchmarks/syn2.abc.blif,137,18467,18002,2,1,21,no-supers,0,0,14992,8,2,?,5,0,-1,34028234663852885981170418348451692544.000,42.700,-34028234663852885981170418348451692544.000,34028234663852885981170418348451692544.000,AOI32xp33_ASAP7_75t_L,41.640,1.630,-1,-1,-1,18008,-1,18364,-1,18444,-1,18446,-1,18462,-1,-1,-1
benchmarks/syn2.abc.blif,138,18467,18002,2,1,22,no-supers,0,0,14992,8,2,?,5,0,-1,34028234663852885981170418348451692544.000,42.700,-34028234663852885981170418348451692544.000,34028234663852885981170418348451692544.000,AOI32xp33_ASAP7_75t_L,41.640,1.630,-1,-1,-1,17847,-1,18367,-1,18448,-1,18460,-1,18452,-1,-1,-1
benchmarks/syn2.abc.blif,139,18467,18002,3,0,0,accepted-best,1,1,14992,8,2,OR2x4_ASAP7_75t_L,2,0,5,56.240,34028234663852885981170418348451692544.000,34028234663852885981170418348451692544.000,2.800,OAI21xp33_ASAP7_75t_L,44.450,3.960,-1,-1,-1,18448,1,18462,1,-1,-1,-1,-1,-1,-1,-1,-1
benchmarks/syn2.abc.blif,140,18467,18002,3,0,1,accepted-best,1,1,14992,8,2,AO21x2_ASAP7_75t_L,3,2,2,51.310,34028234663852885981170418348451692544.000,34028234663852885981170418348451692544.000,1.630,OR2x4_ASAP7_75t_L,56.240,2.800,-1,-1,-1,18448,1,18460,0,18461,1,-1,-1,-1,-1,-1,-1
benchmarks/syn2.abc.blif,141,18467,18002,3,0,2,nonselected,1,0,14992,8,2,OAI21xp33_ASAP7_75t_L,3,7,2,44.450,34028234663852885981170418348451692544.000,34028234663852885981170418348451692544.000,3.960,AO21x2_ASAP7_75t_L,51.310,1.630,-1,-1,-1,18444,0,18447,0,18462,0,-1,-1,-1,-1,-1,-1
benchmarks/syn2.abc.blif,142,18467,18002,3,0,3,nonselected,1,0,14992,8,2,OAI31xp33_ASAP7_75t_L,4,10,1,47.630,34028234663852885981170418348451692544.000,34028234663852885981170418348451692544.000,4.430,AO21x2_ASAP7_75t_L,51.310,1.630,-1,-1,-1,17847,1,18448,0,18460,1,18453,0,-1,-1,-1,-1
benchmarks/syn2.abc.blif,143,18467,18002,3,0,4,nonselected,1,0,14992,8,2,OAI31xp33_ASAP7_75t_L,4,15,1,45.980,34028234663852885981170418348451692544.000,34028234663852885981170418348451692544.000,4.890,AO21x2_ASAP7_75t_L,51.310,1.630,-1,-1,-1,18367,0,18444,0,18446,0,18462,0,-1,-1,-1,-1
benchmarks/syn2.abc.blif,144,18467,18002,3,0,5,accepted-best,1,1,14992,8,2,A2O1A1Ixp33_ASAP7_75t_L,4,14,1,47.520,34028234663852885981170418348451692544.000,34028234663852885981170418348451692544.000,1.170,AO21x2_ASAP7_75t_L,51.310,1.630,-1,-1,-1,2445,1,2451,0,18448,0,18461,0,-1,-1,-1,-1
benchmarks/syn2.abc.blif,145,18467,18002,3,0,6,nonselected,1,0,14992,8,2,AO22x1_ASAP7_75t_L,4,4,1,49.780,34028234663852885981170418348451692544.000,34028234663852885981170418348451692544.000,3.500,A2O1A1Ixp33_ASAP7_75t_L,47.520,1.170,-1,-1,-1,18444,1,18447,1,18460,0,18461,1,-1,-1,-1,-1
benchmarks/syn2.abc.blif,146,18467,18002,3,0,7,nonselected,1,0,14992,8,2,OAI31xp33_ASAP7_75t_L,4,15,1,46.310,34028234663852885981170418348451692544.000,34028234663852885981170418348451692544.000,4.890,A2O1A1Ixp33_ASAP7_75t_L,47.520,1.170,1,0,1,17961,0,18002,0,18447,0,18462,0,-1,-1,-1,-1
benchmarks/syn2.abc.blif,147,18467,18002,3,0,8,no-supers,0,0,14992,8,2,?,5,0,-1,34028234663852885981170418348451692544.000,34028234663852885981170418348451692544.000,0.000,34028234663852885981170418348451692544.000,A2O1A1Ixp33_ASAP7_75t_L,47.520,1.170,-1,-1,-1,17823,-1,17890,-1,18444,-1,18446,-1,18462,-1,-1,-1
benchmarks/syn2.abc.blif,148,18467,18002,3,0,9,no-supers,0,0,14992,8,2,?,5,0,-1,34028234663852885981170418348451692544.000,34028234663852885981170418348451692544.000,0.000,34028234663852885981170418348451692544.000,A2O1A1Ixp33_ASAP7_75t_L,47.520,1.170,-1,-1,-1,2439,-1,2451,-1,18448,-1,18460,-1,18453,-1,-1,-1
benchmarks/syn2.abc.blif,149,18467,18002,3,0,10,no-supers,0,0,14992,8,2,?,5,0,-1,34028234663852885981170418348451692544.000,34028234663852885981170418348451692544.000,0.000,34028234663852885981170418348451692544.000,A2O1A1Ixp33_ASAP7_75t_L,47.520,1.170,2,-1,-1,17854,-1,17844,-1,18002,-1,18447,-1,18462,-1,-1,-1
benchmarks/syn2.abc.blif,150,18467,18002,3,0,11,no-supers,0,0,14992,8,2,?,5,0,-1,34028234663852885981170418348451692544.000,34028234663852885981170418348451692544.000,0.000,34028234663852885981170418348451692544.000,A2O1A1Ixp33_ASAP7_75t_L,47.520,1.170,-1,-1,-1,2439,-1,2445,-1,2451,-1,18448,-1,18453,-1,-1,-1
benchmarks/syn2.abc.blif,151,18467,18002,3,0,12,accepted-best,1,1,14992,8,2,AO32x2_ASAP7_75t_L,5,8,1,44.750,34028234663852885981170418348451692544.000,34028234663852885981170418348451692544.000,2.100,A2O1A1Ixp33_ASAP7_75t_L,47.520,1.170,1,1,0,17961,1,18002,1,18447,1,18460,0,18461,1,-1,-1
benchmarks/syn2.abc.blif,152,18467,18002,3,0,13,nonselected,1,0,14992,8,2,AO32x2_ASAP7_75t_L,5,9,1,52.380,34028234663852885981170418348451692544.000,34028234663852885981170418348451692544.000,4.430,AO32x2_ASAP7_75t_L,44.750,2.100,-1,-1,-1,17847,0,18444,1,18447,1,18460,0,18453,1,-1,-1
benchmarks/syn2.abc.blif,153,18467,18002,3,0,14,nonselected,1,0,14992,8,2,AO32x2_ASAP7_75t_L,5,8,1,51.680,34028234663852885981170418348451692544.000,34028234663852885981170418348451692544.000,3.500,AO32x2_ASAP7_75t_L,44.750,2.100,-1,-1,-1,18367,1,18444,1,18446,1,18460,0,18461,1,-1,-1
benchmarks/syn2.abc.blif,154,18467,18002,3,0,15,no-supers,0,0,14992,8,2,?,5,0,-1,34028234663852885981170418348451692544.000,34028234663852885981170418348451692544.000,0.000,34028234663852885981170418348451692544.000,AO32x2_ASAP7_75t_L,44.750,2.100,-1,-1,-1,2445,-1,2451,-1,18444,-1,18447,-1,18461,-1,-1,-1
benchmarks/syn2.abc.blif,155,18467,18002,3,0,16,no-supers,0,0,14992,8,2,?,5,0,-1,34028234663852885981170418348451692544.000,34028234663852885981170418348451692544.000,0.000,34028234663852885981170418348451692544.000,AO32x2_ASAP7_75t_L,44.750,2.100,-1,-1,-1,17955,-1,18367,-1,18444,-1,18445,-1,18462,-1,-1,-1
benchmarks/syn2.abc.blif,156,18467,18002,3,0,17,no-supers,0,0,14992,8,2,?,5,0,-1,34028234663852885981170418348451692544.000,34028234663852885981170418348451692544.000,0.000,34028234663852885981170418348451692544.000,AO32x2_ASAP7_75t_L,44.750,2.100,-1,-1,-1,17836,-1,18295,-1,18444,-1,18446,-1,18462,-1,-1,-1
benchmarks/syn2.abc.blif,157,18467,18002,3,0,18,no-supers,0,0,14992,8,2,?,5,0,-1,34028234663852885981170418348451692544.000,34028234663852885981170418348451692544.000,0.000,34028234663852885981170418348451692544.000,AO32x2_ASAP7_75t_L,44.750,2.100,-1,-1,-1,17827,-1,17848,-1,17961,-1,18447,-1,18462,-1,-1,-1
benchmarks/syn2.abc.blif,158,18467,18002,3,0,19,no-supers,0,0,14992,8,2,?,5,0,-1,34028234663852885981170418348451692544.000,34028234663852885981170418348451692544.000,0.000,34028234663852885981170418348451692544.000,AO32x2_ASAP7_75t_L,44.750,2.100,1,-1,-1,17961,-1,18002,-1,18367,-1,18446,-1,18462,-1,-1,-1
benchmarks/syn2.abc.blif,159,18467,18002,3,0,20,no-supers,0,0,14992,8,2,?,5,0,-1,34028234663852885981170418348451692544.000,34028234663852885981170418348451692544.000,0.000,34028234663852885981170418348451692544.000,AO32x2_ASAP7_75t_L,44.750,2.100,-1,-1,-1,2445,-1,2451,-1,17847,-1,18448,-1,18453,-1,-1,-1
benchmarks/syn2.abc.blif,160,18467,18002,3,0,21,no-supers,0,0,14992,8,2,?,5,0,-1,34028234663852885981170418348451692544.000,34028234663852885981170418348451692544.000,0.000,34028234663852885981170418348451692544.000,AO32x2_ASAP7_75t_L,44.750,2.100,-1,-1,-1,18008,-1,18364,-1,18444,-1,18446,-1,18462,-1,-1,-1
benchmarks/syn2.abc.blif,161,18467,18002,3,0,22,no-supers,0,0,14992,8,2,?,5,0,-1,34028234663852885981170418348451692544.000,34028234663852885981170418348451692544.000,0.000,34028234663852885981170418348451692544.000,AO32x2_ASAP7_75t_L,44.750,2.100,-1,-1,-1,17847,-1,18367,-1,18448,-1,18460,-1,18452,-1,-1,-1
benchmarks/syn2.abc.blif,162,18467,18002,3,1,0,violates-required,0,0,14992,8,2,NOR2xp33_ASAP7_75t_L,2,0,5,51.110,41.860,-9.250,1.860,AOI32xp33_ASAP7_75t_L,41.640,1.630,-1,-1,-1,18448,1,18462,1,-1,-1,-1,-1,-1,-1,-1,-1
benchmarks/syn2.abc.blif,163,18467,18002,3,1,1,no-super-best,0,0,14992,8,2,?,3,0,-1,34028234663852885981170418348451692544.000,41.860,-34028234663852885981170418348451692544.000,34028234663852885981170418348451692544.000,AOI32xp33_ASAP7_75t_L,41.640,1.630,-1,-1,-1,18448,-1,18460,-1,18461,-1,-1,-1,-1,-1,-1,-1
benchmarks/syn2.abc.blif,164,18467,18002,3,1,2,violates-required,0,0,14992,8,2,OA21x2_ASAP7_75t_L,3,7,2,48.060,41.860,-6.200,4.420,AOI32xp33_ASAP7_75t_L,41.640,1.630,-1,-1,-1,18444,0,18447,0,18462,0,-1,-1,-1,-1,-1,-1
benchmarks/syn2.abc.blif,165,18467,18002,3,1,3,no-super-best,0,0,14992,8,2,?,4,0,-1,34028234663852885981170418348451692544.000,41.860,-34028234663852885981170418348451692544.000,34028234663852885981170418348451692544.000,AOI32xp33_ASAP7_75t_L,41.640,1.630,-1,-1,-1,17847,-1,18448,-1,18460,-1,18453,-1,-1,-1,-1,-1
benchmarks/syn2.abc.blif,166,18467,18002,3,1,4,no-super-best,0,0,14992,8,2,?,4,0,-1,34028234663852885981170418348451692544.000,41.860,-34028234663852885981170418348451692544.000,34028234663852885981170418348451692544.000,AOI32xp33_ASAP7_75t_L,41.640,1.630,-1,-1,-1,18367,-1,18444,-1,18446,-1,18462,-1,-1,-1,-1,-1
benchmarks/syn2.abc.blif,167,18467,18002,3,1,5,no-super-best,0,0,14992,8,2,?,4,0,-1,34028234663852885981170418348451692544.000,41.860,-34028234663852885981170418348451692544.000,34028234663852885981170418348451692544.000,AOI32xp33_ASAP7_75t_L,41.640,1.630,-1,-1,-1,2445,-1,2451,-1,18448,-1,18461,-1,-1,-1,-1,-1
benchmarks/syn2.abc.blif,168,18467,18002,3,1,6,no-super-best,0,0,14992,8,2,?,4,0,-1,34028234663852885981170418348451692544.000,41.860,-34028234663852885981170418348451692544.000,34028234663852885981170418348451692544.000,AOI32xp33_ASAP7_75t_L,41.640,1.630,-1,-1,-1,18444,-1,18447,-1,18460,-1,18461,-1,-1,-1,-1,-1
benchmarks/syn2.abc.blif,169,18467,18002,3,1,7,violates-required,0,0,14992,8,2,AOI31xp33_ASAP7_75t_L,4,0,1,53.120,41.860,-11.260,2.330,AOI32xp33_ASAP7_75t_L,41.640,1.630,1,1,0,17961,1,18002,1,18447,1,18462,1,-1,-1,-1,-1
benchmarks/syn2.abc.blif,170,18467,18002,3,1,8,no-supers,0,0,14992,8,2,?,5,0,-1,34028234663852885981170418348451692544.000,41.860,-34028234663852885981170418348451692544.000,34028234663852885981170418348451692544.000,AOI32xp33_ASAP7_75t_L,41.640,1.630,-1,-1,-1,17823,-1,17890,-1,18444,-1,18446,-1,18462,-1,-1,-1
benchmarks/syn2.abc.blif,171,18467,18002,3,1,9,no-supers,0,0,14992,8,2,?,5,0,-1,34028234663852885981170418348451692544.000,41.860,-34028234663852885981170418348451692544.000,34028234663852885981170418348451692544.000,AOI32xp33_ASAP7_75t_L,41.640,1.630,-1,-1,-1,2439,-1,2451,-1,18448,-1,18460,-1,18453,-1,-1,-1
benchmarks/syn2.abc.blif,172,18467,18002,3,1,10,no-supers,0,0,14992,8,2,?,5,0,-1,34028234663852885981170418348451692544.000,41.860,-34028234663852885981170418348451692544.000,34028234663852885981170418348451692544.000,AOI32xp33_ASAP7_75t_L,41.640,1.630,2,-1,-1,17854,-1,17844,-1,18002,-1,18447,-1,18462,-1,-1,-1
benchmarks/syn2.abc.blif,173,18467,18002,3,1,11,no-super-best,0,0,14992,8,2,?,5,0,-1,34028234663852885981170418348451692544.000,41.860,-34028234663852885981170418348451692544.000,34028234663852885981170418348451692544.000,AOI32xp33_ASAP7_75t_L,41.640,1.630,-1,-1,-1,2439,-1,2445,-1,2451,-1,18448,-1,18453,-1,-1,-1
benchmarks/syn2.abc.blif,174,18467,18002,3,1,12,nonselected,1,0,14992,8,2,AOI32xp33_ASAP7_75t_L,5,8,1,41.640,41.860,0.220,1.630,AOI32xp33_ASAP7_75t_L,41.640,1.630,1,1,0,17961,1,18002,1,18447,1,18460,0,18461,1,-1,-1
benchmarks/syn2.abc.blif,175,18467,18002,3,1,13,no-super-best,0,0,14992,8,2,?,5,0,-1,34028234663852885981170418348451692544.000,41.860,-34028234663852885981170418348451692544.000,34028234663852885981170418348451692544.000,AOI32xp33_ASAP7_75t_L,41.640,1.630,-1,-1,-1,17847,-1,18444,-1,18447,-1,18460,-1,18453,-1,-1,-1
benchmarks/syn2.abc.blif,176,18467,18002,3,1,14,no-super-best,0,0,14992,8,2,?,5,0,-1,34028234663852885981170418348451692544.000,41.860,-34028234663852885981170418348451692544.000,34028234663852885981170418348451692544.000,AOI32xp33_ASAP7_75t_L,41.640,1.630,-1,-1,-1,18367,-1,18444,-1,18446,-1,18460,-1,18461,-1,-1,-1
benchmarks/syn2.abc.blif,177,18467,18002,3,1,15,no-supers,0,0,14992,8,2,?,5,0,-1,34028234663852885981170418348451692544.000,41.860,-34028234663852885981170418348451692544.000,34028234663852885981170418348451692544.000,AOI32xp33_ASAP7_75t_L,41.640,1.630,-1,-1,-1,2445,-1,2451,-1,18444,-1,18447,-1,18461,-1,-1,-1
benchmarks/syn2.abc.blif,178,18467,18002,3,1,16,no-supers,0,0,14992,8,2,?,5,0,-1,34028234663852885981170418348451692544.000,41.860,-34028234663852885981170418348451692544.000,34028234663852885981170418348451692544.000,AOI32xp33_ASAP7_75t_L,41.640,1.630,-1,-1,-1,17955,-1,18367,-1,18444,-1,18445,-1,18462,-1,-1,-1
benchmarks/syn2.abc.blif,179,18467,18002,3,1,17,no-supers,0,0,14992,8,2,?,5,0,-1,34028234663852885981170418348451692544.000,41.860,-34028234663852885981170418348451692544.000,34028234663852885981170418348451692544.000,AOI32xp33_ASAP7_75t_L,41.640,1.630,-1,-1,-1,17836,-1,18295,-1,18444,-1,18446,-1,18462,-1,-1,-1
benchmarks/syn2.abc.blif,180,18467,18002,3,1,18,no-supers,0,0,14992,8,2,?,5,0,-1,34028234663852885981170418348451692544.000,41.860,-34028234663852885981170418348451692544.000,34028234663852885981170418348451692544.000,AOI32xp33_ASAP7_75t_L,41.640,1.630,-1,-1,-1,17827,-1,17848,-1,17961,-1,18447,-1,18462,-1,-1,-1
benchmarks/syn2.abc.blif,181,18467,18002,3,1,19,no-supers,0,0,14992,8,2,?,5,0,-1,34028234663852885981170418348451692544.000,41.860,-34028234663852885981170418348451692544.000,34028234663852885981170418348451692544.000,AOI32xp33_ASAP7_75t_L,41.640,1.630,1,-1,-1,17961,-1,18002,-1,18367,-1,18446,-1,18462,-1,-1,-1
benchmarks/syn2.abc.blif,182,18467,18002,3,1,20,no-supers,0,0,14992,8,2,?,5,0,-1,34028234663852885981170418348451692544.000,41.860,-34028234663852885981170418348451692544.000,34028234663852885981170418348451692544.000,AOI32xp33_ASAP7_75t_L,41.640,1.630,-1,-1,-1,2445,-1,2451,-1,17847,-1,18448,-1,18453,-1,-1,-1
benchmarks/syn2.abc.blif,183,18467,18002,3,1,21,no-supers,0,0,14992,8,2,?,5,0,-1,34028234663852885981170418348451692544.000,41.860,-34028234663852885981170418348451692544.000,34028234663852885981170418348451692544.000,AOI32xp33_ASAP7_75t_L,41.640,1.630,-1,-1,-1,18008,-1,18364,-1,18444,-1,18446,-1,18462,-1,-1,-1
benchmarks/syn2.abc.blif,184,18467,18002,3,1,22,no-supers,0,0,14992,8,2,?,5,0,-1,34028234663852885981170418348451692544.000,41.860,-34028234663852885981170418348451692544.000,34028234663852885981170418348451692544.000,AOI32xp33_ASAP7_75t_L,41.640,1.630,-1,-1,-1,17847,-1,18367,-1,18448,-1,18460,-1,18452,-1,-1,-1
